No;Judul;Penulis;Genre;Sinopsis;URL Sumber;;;;;;
1;DAMIAN;Ezra san;"Romansa, Petualangan, mafia";"Christina dituduh membunuh seseorang, semua bukti memberatkannya tidak peduli meski Christina bersaksi ia tidak pernah membunuh siapapun dan tidak ingat kejadian malam itu.

Christina dijatuhkan hukuman penjara seumur hidup di penjara Tartarus, penjara di pulau tak berpenghuni yang dipenuhi tahanan berbahaya, rumornya tidak ada yang pernah berhasil keluar dari Tartarus hidup-hidup ataupun bertahan hidup di sana lebih dari satu bulan.

Hanya monster yang bertahan hidup di sana dan salah satunya adalah DAMIAN, laki-laki yang pernah menyatakan cintanya pada Christina sepuluh tahun yang lalu namun Christina menolaknya mentah-mentah.

Damian menghilang tiba-tiba setelah penolakan yang mempermalukannya itu dan Christina tidak pernah mendengar kabar soalnya lagi hingga hari di mana Christina dibawa ke Tartarus, bertemu dengan Damian yang jadi tahanan paling ditakuti di sana.

Yang jadi pertanyaannya apakah keberadaan Damian akan menjadi keuntungan bagi Christina atau justru neraka baginya mengingat terakhir kali Christina bertemu dengannya adalah ketika Christina berbohong tentangnya di hadapan banyak orang, dan mempermalukannya.";https://www.wattpad.com/story/396155941-damian;;;;;;
2;Pertanian Ajaib Aria;Amarine05;"Fantasi, Romansa";"Aria, seorang Gastronom dan Culinary Historian yang tewas dibunuh oleh kekasihnya, tunangannya sendiri demi mendapatkan penelitian besar Aria. 

Terkejut akan pengkhianatan yang dilakukan tunangannya, Aria tak mengira ia akan hidup kembali sebagai sosok lain, tepatnya sebagai karakter figuran dalam sebuah web novel.

Hidup sebagai orang lain, Aria tak mengira ada banyak hal besar yang menantinya. Mampukah Aria hidup sebagai sosok barunya?";https://www.wattpad.com/story/401230362-pertanian-ajaib-aria;;;;;;
3;OSTIARIUS;icebreaker20;"Fantasi, Horor";"Satu sentuhan pada benda terkutuk mengubah segalanya.

Rico tak pernah menyangka hidupnya akan terikat pada Prasasti Arwah-artefak kuno yang memilihnya sebagai Katalis, pewaris kekuatan roh leluhur. Namun, kekuatan itu bukan anugerah. Setiap kemampuannya membawa rasa sakit, mimpi buruk, dan perlahan menggerogoti jiwanya.

Saat seorang dukun sesat bernama Purba berusaha membuka gerbang dunia arwah, Rico harus berjuang bersama Gracia-gadis misterius dengan masa lalu kelam-dan para Ksatria Prasasti  untuk menghadapi siluman, arwah, dan kegelapan yang mengintai.

Karena jika Rico gagal... Dunia yang akan menjadi taruhannya...";https://www.wattpad.com/story/399473345-ostiarius;;;;;;
4;Repeat Life: Devina Grisyela Mahendra;oneonlyy___;"Aksi, Romansa";"Devina Grisyela Mahendra.

Gadis cantik yang mendapatkan kesempatan kedua untuk mengulang kehidupannya. Devina ingin membalas rasa sakit yang ia rasakan kepada dua orang yang telah membuat hidupnya sengsara.

Saga Devano Bagaskara dan Lily Priscan.

Devina mencintai tunangannya, Saga dengan setulus hatinya. Tetapi Saga malah menganggapnya sebagai perempuan murahan dan menjalin hubungan terang-terangan dengan Lily.

Sanjaya High School.

Sekolah elite swasta yang diisi oleh siswa/i yang memiliki latar belakang terpandang. Keluarga kaya raya, orang tua berkoneksi, dan circle pertemanan elite.

Di SHS, prestasi memang diutamakan. Tapi dibalik itu, ada satu kata yang bisa bermain dengan lihai di dalam kawasan sekolah 'uang' memiliki tahta tertinggi di SHS.

~~~~~

Awal mula cerita berfokus pada pembalasan dendam Devina di kehidupan keduanya. Namun ia tidak mengetahui bahwa segalanya akan berubah jika dia berani mengubah takdir yang awalnya sudah terencana.

Kemunculan orang-orang yang sebelumnya tidak ada di kehidupan pertamanya, membuat Devina di hadapkan dengan fakta-fakta mengejutkan dan pilihan yang sulit.

Entah kebahagiaan ataukah petaka yang akan menjadi akhir dari kisahnya...";https://www.wattpad.com/story/395842592-repeat-life-devina-grisyela-mahendra;;;;;;
5;ALESA|the beauty indigo;Mlndaa_st;"Humor, Horor, Misteri";"Kehidupan Alesa memang bisa dikatakan berbeda dengan gadis pada umumnya, memiliki kemampuan yang tak dimiliki oleh orang lain. Bisa melihat keberadaan makhluk tak kasat mata di sekitarnya, Alesa sudah terbiasa dengan hal semacam itu sejak kecil. Dia adalah gadis pemberani, bar-bar, dan tentu saja pembuat onar.

Di hari pertama masuk sekolah menengah atas, gadis itu sudah membuat kerusuhan bahkan sampai membuat namanya langsung terkenal seantero sekolah. Dan di detik itu pula, Alesa harus berurusan dengan segitiga Bermuda alias tiga cowok tampan paling populer di sekolahnya.";http://wattpad.com/story/360349111-alesa-the-beauty-indigo-end;;;;;;
6;Bugged Into a Dark Romance Novel;terasena12;"Romansa, Komedi, Fiksi Sejarah";"Lucinda Elowen Corvein--alias Cindy, gamers sekaligus streamer yang terlalu banyak berceloteh soal novel dark romance berjudul ""Cry or Better Yet Beg"". 
Dia tidak pernah membacanya, hanya tahu sekilas dari komentar netizen dan potongan-potongan spoiler. Yang dia tahu, male lead-nya--Matthias von Herhardt--adalah definisi redflag berkedok bangsawan tampan.

Hingga suatu malam, setelah mengutuk Matthias di kolom komentar, tiba-tiba begitu terbangun dari tidurnya dia sudah jadi gadis berusia 18 tahun, kaya raya, dan menjadi bagian dari keluarga bangsawan yang cukup terkenal.

Bukan sebagai Layla sang tokoh utama. Bukan juga sebagai Claudine, Second Female Lead--sang tunangan resmi. Melainkan sebagai figuran.

Awalnya, Cindy hanya ingin hidup damai, jauh dari plot utama yang penuh pengkhianatan, politik, dan obsesi. Tapi Matthias, sang Duke of Arvis, justru tertarik pada sesuatu yang berbeda: seorang gadis yang bicara seenaknya, tidak paham tata krama bangsawan, dan bisa membuat darahnya mendidih sekaligus berdebar dalam satu waktu.

Saat Matthias mulai membelokkan seluruh takdir novel demi memiliki Lucinda, hanya satu hal yang pasti:

Cindy ingin pulang. Tapi Matthias tak berniat melepaskan.";https://www.wattpad.com/story/369889426-bugged-into-a-dark-romance-novel-hiatus;;;;;;
7;OLIVER'S PUZZLE;L. Zeth;"Aksi, Misteri, Romansa";"Pembunuhan berantai di Andromeda City mengincar nyawa para Anak Spesial. Oliver harus menemukan kembali ingatannya yang hilang agar dapat menghentikan aksi seorang pembunuh berantai itu.

***

Tiga minggu berlalu sejak kematian orang tua angkatnya, pada saat itu Oliver menemukan pesan ancaman pembunuhan terhadap Anak Spesial dan tak lama setelah itu, kasus pembunuhan pun mulai bermunculan di Andromeda City menargetkan para Anak Spesial. Merasa bersalah dan bertanggung jawab akan kematian para korban, Oliver memutuskan untuk mencari tahu mengenai memori yang hilang akibat amnesia yang dideritanya sebelum lebih banyak korban berjatuhan. Dengan bantuan kedua sahabatnya--Alice dan Peter, Oliver mencoba menguak misteri di balik orang tua asli dan amnesianya. Ketika kunci untuk mengakhiri kerumitan yang naas sudah berada di depan mata, Oliver dihadapkan pada kenyataan yang lebih gelap dari perkiraannya. Bersama Alice dan Peter, mampukah Oliver mencegah jatuhnya lebih banyak korban dan mengakhiri pembunuhan berantai di Andromeda City?";https://www.wattpad.com/story/103343551-oliver%27s-puzzle-completed;;;;;;
8;Kerajaan Kutai : Janji Sang Apoteker [ON;calia20;"Fantasi, Fiksi Sejarah, Waktu";"~'Ni Luh Laksmi Kirana'~

Mahasiswi Farmasi Dari Universitas Muliya Balikpapan yang sedang KKN di desa terpencil dekat Hulu sungai Mahakam, tiba-tiba  terdampar di Kerajaan Kutai Martadipura Kuno (abad ke-4). 

Dianggap sebagai utusan dewa dan menjadi murid Tabib Utama Kerajaan. Setelah diangkat murid, ia harus menggunakan seluruh ilmu Farmasi modernnya untuk melawan wabah Disentri yang mengancam kerajaan. 

Bisakah ia menyelamatkan peradaban kuno dengan obat-obatan dan sanitasi, sekaligus menemukan jalan pulang?";https://www.wattpad.com/story/404117033-kerajaan-kutai-janji-sang-apoteker-on-going;;;;;;
9;Let's Make Love;zyourwrite;"Romansa, Politik";"Ananda memang pernah suka sama Aldian, tapi itu dulu. Perasaannya sudah lama dia tinggalkan dibelakang sebab sadar bahwa cowo itu selamanya hanya akan menganggapnya sebagai sahabat saja. 

Namun, Nanda sendiri tidak pernah membayangkan suatu hari cinta monyetnya itu akan datang sendiri padanya menawarkan sebuah pernikahan dengan alasan 'biar dapat warisan' katanya. 

Nanda tahu Aldian itu memang rada-rada gak jelas sejak SMA, tapi dia tidak menduga bahwa cowo itu akan segila ini. Pasalnya suatu yang Nanda fikir hanya bercanda saja ternyata Aldian sungguh-sungguh menawarkannya. 

Tapi, kenapa? kenapa tiba-tiba jadi Nanda?";https://www.wattpad.com/story/338618071-let%27s-make-love;;;;;;
10;Tyllie;mimoonline;"Romansa, Fantasi, Kerajaan";"Tyla, gadis cantik yang hidup sebatang kara setelah memilih keluar dari panti sejak usianya 19 tahun dan memilih hidup mandiri.

 Tujuh tahun belakangan ini dirinya bekerja sebagai pelayan di berbagai restoran untuk memenuhi kebutuhan hidupnya.

 Namun, siapa sangka selepas pulang kerja hari itu dirinya dibuat tak sadar kan diri akibat kelalaiannya menahan lapar. Di usianya yang ke 26 tahun dirinya dinyatakan meninggal dunia akibat maag.

 Tapi bukannya ke akhirat jiwanya malah terdampar di tubuh seorang wanita yang sudah menikah.

Lantas apa yang harus dirinya lakukan? 

 Mampukah dirinya bertahan hidup di dunia yang sama sekali tak ia ketahui itu?";https://www.wattpad.com/story/388608527-tyllie-end;;;;;;
11;Secret Hidden;IsmilaAlias;"Thriller, Horor, Fantasi, Misteri";"Menghadapi keluarga yang berantakan dan terjebak dalam agen rahasia. Tak lupa dengan kisah cinta yang selalu berakhir dengan tangis dan kecewa.

""Berhenti belain dia terus!""

""Dia pacar gue!""

""Sedangkan aku tunangan kamu!""
______

""Lepasin gue aja, dek!""

""Nggak, bang!""

""Lepasin gue atau lo bakal ikutan mati?!""

""Nggak ada yang bakal mati!!""

Kisahnya indentik dengan kegagalan, kehilangan dan kematian, membuat perasaannya menjadi hancur dan mati. Sesuatu yang seharusnya pulih dengan cepat menjadi semakin tenggelam di dasar hatinya yang mendalam.

Ini tentangnya, gadis hampir mati bunuh diri, dan tentang sosok gadis pemberani yang bertransmigrasi menggantikannya sementara. Tentang perjuangan hidup, keadilan, dan balas dendam!

""Natus Vincere In Silentio Veritas!""";https://www.wattpad.com/story/257130688-secret-hidden;;;;;;
12;KERANDA POCONG PART I;MamahRanggi;"Horor, Misteri, Aksi";"Susan gadis yang memiliki indra keenam. Berawal perjalanan Susan tirakat bersama Tantenya di tempat keramat, Susan semakin peka. Pocong yang dilihat Susan di sebelah keranda, terus berlanjut dan selalu jadi firasat akan ada kematian. 

Jiwa Susan berontak, kelebihan yang dimilikinya, justru membuat Susan selalu ketakutan melihat pocong. Pocong yang selalu dilihat, membuat Susan marah dan takut akan melihat kematian seseorang. 

Susan berjalan bersama sahabatnya melihat keranda ditiap tempat yang berbeda. Dan selalu jadi kenyataan, setiap melihat pocong di sebelah keranda, esoknya keranda akan dipakai untuk membawa jenazah.

Susan diincar para dukun, mereka menginginkan Susan bisa bekerja sama, dukun mengetahui Susan bisa meramal atau menerawang. Tapi Susan menolak dan tidak mau dimintai penerawangan oleh siapapun.";"https://www.wattpad.com/story/168991535-keranda-pocong-part-i

";;;;;;
13;Living With My Ex;love alone;"Humor, Romansa";"Sabina terpaksa menyembunyikan kehamilannya dari Sagara, lantaran saat itu Sagara lebih dulu memutuskan hubungan mereka dengan alasan ingin fokus kuliah.

Lima tahun berlalu, takdir mempertemukan mereka kembali. Sabina yang membutuhkan pekerjaan terpaksa melamar di perusahaan milik Ayah Sagara. Sementara itu, Sagara yang baru pulang dari London tak bisa menolak perintah sang Ayah untuk bekerja sebagai karyawan biasa.

Tak hanya berbagi ruangan karena berada di divisi yang sama, Sabina dan Sagara juga terpaksa harus berbagi tempat tinggal karena situasi yang mendesak.

Mampukah mereka bertahan dalam satu atap dengan kondisi dan status yang sudah berbeda?";https://www.wattpad.com/story/400632366-living-with-my-ex;;;;;;
14;"PROBLEMATIC SEAN'S; ""no one can touch me""";nakeyanakelahhh;"Mafia, Romansa, Misteri, Thriller";"Alsera Reymoana, psikolog cantik yg berada di salah satu rumah sakit terkenal di kota New York, menjadi seorang psikolog sekaligus psikiater umum tentunya sedikit sulit untuk Sera karena benar benar harus memahami setiap karakter orang yg datang pergi mengunjungi nya, namun semua itu tidak ada apa apa nya di bandingkan dia harus mengurus seorang lelaki yg katanya anak tersembunyi milik salah satu milyader terkenal di kota New York, kata Alsera lebih baik dia membantu orang gila daripada harus membantu binatang buas seperti Arseano Elaric ini, kira kira apa yg membuat Sera mengatakan seperti itu kepada anak seorang milyarder terkenal ini?";https://www.wattpad.com/story/400257079-problematic-sean%27s-no-one-can-touch-me;;;;;;
15;VIOLET - Kiss The Antagonist!;kandthinkabout;"Thriller, Fantasi, Romansa";"Kecelakaan dan meninggal di tempat membawa jiwa Violet memasuki dunia novel yang pernah dia baca berjudul 'His'. 

Tokoh utama perempuan di novel tersebut adalah Violet. Violet menjadi tokoh Violet, tetapi bukan si tokoh utama perempuan. Melainkan Violet yang lain, yaitu figuran si anak pembantu yang tinggal di rumah keluarga tokoh antagonis laki-laki bernama Felix Arnaud.

Violet memutuskan untuk hidup damai bersama ibunya yang benar-benar mirip dengan ibunya di dunia sebelumnya. Dia tak ingin berurusan dengan para tokoh penting, terutama Felix yang akan membunuh tokoh figuran Violet beberapa tahun kemudian, tetapi sebuah sistem tak adil tiba-tiba muncul dan mengaku sebagai shipper Felix dan Violet si figuran.
";https://www.wattpad.com/story/374280418-violet-kiss-the-antagonist;;;;;;
16;intimacy issues;marklee_mell;Romansa dewasa;"Hanna, seorang gadis yang sangat menyukai paras pria pria tampan ternyata memilih melabuhkan hatinya kepada seorang guru yang mengajar di sekolahannya. Usia mereka memang terpaut jauh namun sialnya di mata Hanna gurunya itu terlihat masih sangat tampan dan juga seksi. 

""Mau punya anak berapa pak? Belasan? Saya jabanin deh."" tak ada rasa malu di wajah Hanna ketika mengatakan itu. Dia terus menatap sang guru dengan senyum andalannya. 

Kernyitan heran langsung tercetak jelas di wajah pria dewasa tersebut. ""Kamu kuat?""

Hanna mengangguk tanpa ragu. ""Kuat!""

""Saya kalau main suka lama. Kamu yakin bisa kuat ngimbangin saya di ranjang?"" bisiknya tepat di wajah Hanna kemudian tersenyum kecil. 

Namun apalah daya. Niat hati ingin terus memperjuangkan sang pujaan hati tapi nyatanya Hanna harus ikut orang tuanya untuk pindah kota. Bisakah Hanna melupakan gurunya yang seksi itu?
";https://www.wattpad.com/story/341020889-intimacy-issues;;;;;;
17;You Made My Day;licoriece vin;"Romansa, Komedi, Fantasi";"Menjadi kaya raya, tinggal di rumah mewah, dan terbebas dari kerjaan kantor? Kirana kira itu cuma impian ..., sampai ia bangun sebagai tokoh kaya antagonis dari novel grafis yang baru saja ia tamatkan.

Jenuh dengan kesehariannya sebagai seorang budak korporat, Kirana selalu mendambakan hidup yang tenang dan santai. Tapi ia tak menyangka keinginannya dikabulkan ... lewat cara yang sangat tidak biasa.

Kini, ia bukan lagi Kirana Ramaniya, melainkan seorang Elara Berlian Mahesvara, wanita cantik, tajir melintir, dan ... sayangnya, calon villain dalam kisah cinta yang penuh drama klise.

Kirana tahu satu hal: ia tidak mau ikut campur.
Konflik? Ia tidak tertarik. Drama percintaan? Tidak, terima kasih.
Kirana hanya ingin menikmati kekayaan Elara tanpa terlibat dalam cerita apa pun.

Namun perlahan, kehadirannya justru menarik perhatian tokoh utama laki-laki yang seharusnya mengejar tokoh utama perempuan.
";https://www.wattpad.com/story/397581583-you-made-my-day;;;;;;
18;Kamuflase;Dinanti;"Aksi, Misteri";"Sari, seorang siswi di sekolah khusus agen intelijen mengemban misi mengungkap dalang narkotika di Jakarta. Dibantu temannya Ganesha, mereka harus berpacu melawan organisasi rahasia dan menerima kenyataan bahwa idealisme mereka tidak selalu sesuai dengan realita di lapangan.

***

Saritem Widyastuti adalah perempuan Indo-Jerman yang terdaftar sebagai siswa di Sekolah Khusus Nusantara. Sebuah sekolah intelijen yang mengajarkan 74 bahasa daerah, kemampuan beternak, ketahanan fisik dikejar anjing, menjinakkan bom di sebuah pasar, serta pelatihan dengan kearifan lokal lainnya. Sari ditugaskan untuk menjalankan misi besutan Badan Narkotika Nasional: mengungkap identitas gembong narkoba di Jakarta. Bersama Ganesha, yang diberikan tugas oleh Kemendikbud untuk menguak pelaku penyebaran kunci jawaban Ujian Nasional, mereka menyamar di sekolah negeri favorit di Jakarta. Di sana, Sari terpaksa belajar bahwa mimpinya membela negara tidak selalu sejalan dengan tugas yang diembankan padanya. Mampukah Sari menyelesaikan misinya?";https://www.wattpad.com/story/65962917-kamuflase;;;;;;
19;Ghost Class;cumacerita96;"Horor, Misteri";"Juwita Liliana, gadis berparas cantik, cerdas, kemampuan aneh yang dia miliki mengharuskan dia homeschooling, namun setelah satu tahun terakhir akhirnya gadis itu kini berani mengambil keputusan kembali bersekolah di tempat umum, tepat kelas dua semester dua di SMA 1 Manggala.

Namun di hari pertama menginjakan kaki di kelas sosok hantu mengerikan menyambut kedatangannya, seakan menunggu setelah sekian lama, kejadian-kejadian menghebohkan di sekolah membuat gadis itu mau tidak mau harus turun untuk mengungkap misteri tentang hantu di kelas.

Mampukah gadis itu mengungkap misteri tentang hantu di kelas yang ternyata adalah _Laila_ sahabat Juwita dari kecil ?";https://www.wattpad.com/story/353302299-ghost-class;;;;;;
20;"Kawin, Yuk!";jingga_senja_;"Humor, Romansa";"Silvia, wanita yang harus rela ditinggal nikah oleh kekasih bersama adiknya, membuatnya harus kembali memupuskan impian pernikahan diusia 27 dan selalu dikatai perawan tua oleh para Tantenya.

Sampai akhirnya ia terpaksa kabur ke kampung halaman sang Nenek, karena rencana perjodohan yang menurutnya sangat gila dan tidak tercatat dalam kamus hidupnya. Pertemuannya dengan pria bernama Aryandhanu sang juragan kambing, membawa perubahan besar dalam hidupnya.

Bisakah Silvia melepas sematan Perawan Tua setelah bertemunya dengan Yayan";https://www.wattpad.com/story/316534631-kawin-yuk-tamat;;;;;;
21; Let Me Be Villain | #1;nona villain;"Romansa, Thriller, Komedi";"Shana benci karakter kesukaannya mendapat akhir yang tidak bahagia setelah semua penderitaan yang dialami. Sebaliknya, tokoh utama perempuan yang merupakan orang ketiga malah berakhir indah. 

Adalah sebuah keajaiban, karena kemudian Shana malah memasuki tubuh karakter kesukaannya tersebut, Shana Christy Arora. Inilah kesempatannya. Dia pun bertekad untuk menjadi villain dalam kehidupan sang protagonis perempuan. 

Dia memiliki dua misi. Pertama, menghancurkan hidup Zara Adeline. Lalu yang kedua, merebut kembali Dyler Sky.

Tapi, lebih daripada semua itu, misi sebenarnya Shana adalah ... memberikan kebahagiaan untuk Shana Christy Arora.";https://www.wattpad.com/story/394081224-let-me-be-villain-1-end;;;;;;
22;Morning Glory;KonvoiHalazia28;"Fantasi, Komedi, Waktu";"Menjadi anak dari antagonis wanita? 

Lamia Farida, seorang gadis yang mengulang kembali kehidupannya namun didalam raga yang berbeda.

Dia kembali terlahir sebagai Serenity, seingat Lamia Serenity itu merupakan anak dari Antagonis Novel yang pernah Lamia baca yaitu Selene.

Apa yang Lamia lakukan didalam tubuh Serenity? 

Tentu saja dia akan merubah takdir hidup sang ibu yaitu Selene! Selene diceritakan memiliki hidup yang tragis di akhir hayatnya dan ia yang merupakan anak dari wanita itu tentu terkena impas nya!";https://www.wattpad.com/story/372205412-morning-glory;;;;;;
23;Trapped in a Psycopathic Novel;Soulmate111;"Romansa, Fantasi";"Lunaria dalam bahasa bunga memiliki arti kejujuran, ketulusan, dan juga kemakmuran. Seperti arti namanya, ia menjalani hidupnya penuh ketulusan hingga akhirnya bisa hidup dalam keadaan damai dan tenang. Meski orang-orang yang melihatnya mungkin menganggap kehidupan Luna membosankan dengan aktivitas berulang, tapi Luna menganggapnya sebaliknya. 

Saking damainya hidupnya sekarang, Luna tak berniat untuk menikah atau memiliki keturunan. Ia ingin hidup sendirian dalam waktu yang lama. Kesendirian adalah temannya. 

Setiap pulang bekerja ia akan bersenang-senang dengan teman-temannya atau langsung istirahat dan di hari minggu ia akan quality time dengan dirinya sendiri sembari membaca Novel atau menonton film. 

Yah, hidup Luna sangat damai hingga suatu malam dengan sekejap hidupnya berubah 180 derajat. Ia tiba-tiba memiliki suami dan seorang putra berusia sembilan tahun. 

Luna berusaha mencerna semuanya hingga ia sadar, ia terjebak didalam sebuah novel yang pernah ia baca beberapa minggu yang lalu. Ia terjebak menjadi salah satu tokoh yang memiliki nama yang sama dengannya, Lunaria. Salah satu tokoh sampingan antagonis yang mati di cerita karena dibunuh anak kandungnya sendiri. 

Luna berusaha untuk mencegah kematiannya dengan merubah alur Novel. Namun karena hubungan keluarga tokoh Novel yang amat sangat buruk dan tak sesuai idealisnya, ia akhirnya memilih cara lain, jika ia tidak bisa kembali ke kehidupannya yang semula ia akan kabur dari kediaman ini. 

Tapi semuanya sia-sia dan tidak sesuai rencana. 

""Jangan buat masalah lagi atau aku benar-benar akan memotong tendon kakimu kali ini."" ancam suaminya dingin. 

Luna takut. Apa psikopat gila itu akan benar-benar membuatnya lumpuh?

""Apa kamu meracuni makanan ini?"" tanya anak laki-laki itu dengan tatapan penuh kecurigaan. ""Aku tidak butuh!"" ucapnya yang kemudian membanting piring didepannya kasar. 

Sudah cukup. Ia tidak bisa bertahan lagi menghadapi kegilaan pasangan ayah dan anak itu!
";https://www.wattpad.com/story/361420390-trapped-in-a-psycopathic-novel;;;;;;
24;I'm Not Just a Figuran;izza B;"Romansa, Fantasi";"Citra Angraini adalah seorang gadis remaja yang akhirnya meregang nyawa di usia muda. Sedari kecil Citra sudah harus bolak-balik ke rumah sakit karena penyakit yang dideritanya semenjak lahir, Citra sangat suka membaca, terutama novel.

Namun siapa yang menyangka Citra yang gemar membaca novel berakhir menjadi salah satu tokoh figuran bernama Sherlyn pada sebuah novel yang terakhir kali dia baca sebelum kematiannya di dunia nyata.

Mengetahui tokoh Sherlyn yang akhirnya meninggal pada pertengahan novel berhasil membuat Citra sangat terpukul hingga dia membulatkan tekadnya untuk mengubah nasib Sherlyn melalui perubahan-perubahan kecil yang akan Citra lakukan. 

---><---

""Pada novel Sherlyn menolak pertunangan ini, apa yang akan terjadi jika aku melakukan yang sebaliknya?""

""Aku harus melakukan perubahan agar nasib Sherlyn juga berubah.""

""Yang benar saja, di dunia sana Aku baru saja mati, aku tidak mau mengikuti alur cerita ini dan akhirnya aku akan mati pada pertengahan novel.""

""Siapa yang perduli dengan novel ini, Aku sudah pernah mati sekali dan aku lebih menyayangi hidupku dari apapun.""

""Sesekali menjadi egois tidaklah terlalu buruk bukan. Maaf Davin aku akan memanfaatkanmu sekali ini aja.""
.
.
""Sherlyn ikut gimana baiknya aja."" Setelah terdiam selama beberapa saat Sherlyn akhirnya menyetujui usulan pertunangan tersebut. ";https://www.wattpad.com/story/388243810-i%27m-not-just-a-figuran;;;;;;
25;triplet;Ellyzaa18;"Aksi, Komedi";"tentang seorang pemuda yang terpisah dari keluarga besarnya, kembar kedua dari 3 bersaudara kembar, wajah yang tampan dan menawan. Terlahir dengan mata yang unik, kulit yang putih seperti kertas, dan rambut yang putih. Anugerah bagi kedua keluarganya, tapi sayangnya.

ada suatu bencana yang membuat keluarga Levanio dan Alexander kehilangan anak/keponakan/cucu mereka. Hal itu tentu membuat pukulan yang besar bagi orangtua pemuda itu, atau dinamai oleh orangtuanya Mervin Arlend Levanio. 

kedua keluarga besar itu sudah melakukan pencarian, tapi tiada hasil yang memuaskan, bahkan selalu kehilangan jejak terakhir, walau begitu tetap saja dicari hingga sekarang.




Mervin hidup di panti asuhan dari umurnya 3 tahun, dia membesar dengan kasih sayang dari ibu panti yang menjaga nya dengan baik, diberi teman yang baik dan penyayang. Dia tinggal di apartemen tingkat 4, bersama kedua sahabatnya. Anak yang pekerja keras dan pantang menyerah. 

tapi dia juga ada sisi yang tidak diketahui oleh orang sekitar nya, dia itu bisa berubah jadi seseorang yang kejam apabila orang yang di sayangnya di ganggu. Apalagi melebihi batas toleransi dirinya.";https://www.wattpad.com/story/400744422-triplet;;;;;;
26;Pembalasan Sang Figuran;BearBee94;"Horor, Romansa, Thriller";"Alma setelah kematiannya mengetahui bahwa sebenarnya dia hanyalah salah satu karakter sampingan di novel yang semua takdir kehidupannya sudah di tentukan oleh penulis.

Penderita yang telah dia lalui sebenarnya tidak lain dan tidak bukan hanyalah kata-kata yang tertulis untuk mempromosikan plot tentang protagonis wanita di novel.

Dia marah, dan kecewa tidak menerima semua takdir itu, dia ingin membalas rasa sakit yang dia terima dari orang-orang yang telah menyakitinya.

Dan kesempatan itu muncul, dia di hidupkan kembali , hari di mana semua penderitaannya belum terjadi.

Dan dia bersumpah akan membalas setiap inci perbuatan mereka padanya menghancurkan mereka secara perlahan.

Alma ingin mereka membayarnya dengan lunas.";https://www.wattpad.com/story/399389379-pembalasan-sang-figuran-end;;;;;;
27;Violathan: The Male Lead Doesn't Know I'm Pregnant with His baby;Astrie Anggita;"Romansa, Fantasi, Humor";"Gimana rasanya hamil anak tokoh utama pria di buku novel, padahal kamu sendiri bukan tokoh utama wanitanya?

Viola tentu tidak pernah menduga dirinya akan terjebak dalam skenario konyol itu. Malam yang seharusnya membuat hidupnya hancur ia rapikan dengan teliti. Tidak ada jejak, tidak ada bukti. Sang tokoh utama pria, Ethan, bahkan mengira semua itu hanyalah mimpi.

Namun ada satu hal yang tak bisa ia hapus: bayi yang kini tumbuh dalam perutnya. Viola bertekad menjadi single mother. Jauh dari skenario yang memaksanya menjadi tokoh wanita kedua bernasib tragis. 

Tapi ketika takdir menyeretnya kembali ke sisi Ethan, semuanya berubah. Ethan melihat Viola bukan sebagai beban, melainkan asisten paling profesional yang pernah dimilikinya. Dan ketika ia tahu Viola hamil, keputusannya bulat. 

""Kalau begitu, kita menikah. Anak itu... akan kuanggap anakku.""

Masalahnya, Ethan sama sekali tidak tahu. 
Anak itu memang benar-benar darah dagingnya.";https://www.wattpad.com/story/400208425-tamat-violathan-the-male-lead-doesn%27t-know-i%27m;;;;;;
28;UNTIL HE FOUND ME;cykablyat;"Romansa, Thriller, Fantasi, Mafia";"Malam sebelum Halloween, Aerith melangkah masuk ke taman hiburan yang telah lama ditinggalkan. Sebuah tempat yang kini menjadi panggung bagi permainan paling kejam yang hanya diketahui segelintir orang. Permainan itu disebut The Hunt, digelar setahun sekali oleh kelompok elite yang tak pernah memperlihatkan wajah mereka, menyewa tempat ini hanya untuk satu hal: perburuan.

Dua puluh perempuan dipilih sebagai ""kelinci""-umpan hidup yang harus bertahan di tengah kegelapan dan bayang-bayang. Mereka diberi waktu dari pukul sepuluh malam hingga tengah malam untuk bersembunyi. Seratus pria bertopeng akan dilepas, pemburu-pemburu haus adrenalin dan obsesi. Setiap pemburu hanya boleh mengklaim satu mangsa... dan saat sudah diklaim, kelinci itu menjadi miliknya sepenuhnya. Tak ada kamera. Tak ada aturan. Tak ada belas kasihan. Satu-satunya hukum malam ini adalah bertahan hidup.";https://www.wattpad.com/story/392977195-until-he-found-me-terbit;;;;;;
29;SENSUALITY;marklee_mell;"Romansa, Thriller, Komedi";"
Putus asa akan masalah hidupnya membuatnya memilih jalan pintas. Mengakhiri hidup agar beban yang Ia tanggung hilang dalam sekejap. 

Motor kesayangannya Ia kendarai dengan kecepatan penuh hingga tabrakan keras dengan mobil besar tak bisa terhindarkan. 

Ia kira dirinya telah mati di tempat. Ia kira dirimu telah berada di neraka atau surga meskipun Ia tau itu mustahil. 
Tapi setelah Ia membuka mata, yang Ia lihat adalah cahaya lampu lalu seorang gadis yang tertidur pulas di sampingnya. 

Hidupnya kembali berjalan setelah tabrakan hebat yang Ia kira akan merenggut nyawanya. Apalagi dirinya malah di tugaskan untuk mengawasi gadis itu 24 jam penuh. Lucu sekali.";https://www.wattpad.com/story/386479271-sensuality;;;;;;S
30;Dangerous Adopted Brother;Nurul782;"Romansa, Fantasi";"Didalam novel ""My Aurabelle"". Luan Cassian Emerick adalah anak seorang pembisnis yang dibunuh oleh adiknya sendiri karna perebutan kekuasaan. Sejak bayi dia dititipkan oleh Ibunya disebuah panti asuhan lalu ketika dia berusia lima tahun. Seorang Dokter bernama Harvey menemukannya dalam keadaan yang sungguh memprihatinkan. Tubuhnya yang kurus dan penuh lebam. Karna rasa kasihan Luan diangkat menjadi anak Dokter Harvey itu.

Sejak kecil Luan selalu diperlakukan kasar oleh anak dari sang Dokter yang bernama Thanisa Sofia Harvey. Dia diam-diam disiksa oleh gadis itu karna dia merasa jika Luan adalah anak haram dari sang ayah. Thanisa juga harus kehilangan ibunya, menambah rasa tidak sukanya kepada Luan.

Luan tumbuh menjadi sosok yang berhati dingin. Dia tidak kenal rasa kasihan dalam menyiksa musuhnya. Hingga semua perlahan berubah ketika dia bertemu protagonis wanita bernama Aurabelle Evrin, anak angkat dari keluarga pengacara Ervin.

Luan menjadi pengusaha besar penuh koneksi dan membunuh orang-orang yang telah menyiksanya terutama mantan kakaknya yaitu Thanisa dan novelnya pun mencapai ending.

Itulah versi novel yang dibaca oleh Jihan. Hidupnya yang biasa saja  seketika berubah ketika dia bangun menjadi anak kecil bernama Thanisa Sofia Harvey. 

Oke, Thanisa yang berjiwa Jihan ini akan menyayangi Luan. Dia tidak akan menyiksanya agar Luan tidak membunuhnya nanti. Dia akan merawatnya hingga Luan bertemu Aurabelle dan setelahnya Thanisa akan hidup mandiri, menikah dengan pria biasa dan hidup bahagia.

Bisakah Thanisa mengabulkan keinginannya disaat Luan tidak akan membiarkan hal itu terjadi.";https://www.wattpad.com/story/398835447-dangerous-adopted-brother;;;;;;
31;UNDER THE TRIGGER;herzerave;"Romansa, Mafia, Aksi";"Yang Aracelia tahu tentang Etgar Moore, dia hanyalah seorang pengawal biasa dari The Trigger. Sebuah organisasi gelap. Atas perintah Ayahnya, mereka dijodohkan. 

Ara tahu Etgar menolak perjodohan itu walaupun dia tetap melakukannya, tapi Ara sama sekali tidak menyangka. Etgar pergi setelah malam pertama mereka. 

Menghilang. 

Namun, setelah dua tahun, Etgar kembali. Dia berubah, tidak hanya tubuh dan sikapnya. Dia bukan lagi hanya seorang pengawal biasa, lebih berkuasa di bandingkan sebelumnya. 

Siapa Etgar Moore yang sekarang?

Mengapa tiba-tiba dia ingin memiliki Ara sepenuhnya?";https://www.wattpad.com/story/361738367-under-the-trigger;;;;;;
32;Mayat Tanpa Identitas;Ramdan_Nahdi;"Thriller, Horor, Misteri";"Ada kepercayaan di Fakultas Kedokteran, untuk tidak membawa produk olahan susu saat akan praktikum anatomi. Karena, bisa mendapatkan sial saat berhadapan dengan kadaver. 

Salah satu anggota kelompok Naura dengan sengaja membawa produk olahan susu sebelum praktikum anatomi. Alhasil, Naura dan teman sekelompoknya harus berhadapan dengan kadaver yang punya banyak kejanggalan.

Kejanggalan yang akan membawa Naura dan teman-teman pada teror yang menakutkan dan mengancam nyawa. Bagaimana Naura dan teman-temannya menghadapi sosok yang seharusnya tidak boleh kembali?";https://www.wattpad.com/story/342435210-mayat-tanpa-identitas;;;;;;
33;Mission: Save My Boss!;leyaarch;"Humor, Romansa, Komedi";"Jadi pewaris kaya raya? Sudah biasa.
Tapi Naomi Zepharyne Almarendra punya mimpi yang lebih personal, yaitu menikah dengan pria pilihan sendiri, bukan yang tertarik pada hartanya.

Caranya? Menyamar dan magang diam-diam di kantor orang lain, jauh dari bayang-bayang nama besar keluarga.

Sayangnya, semua menjadi rumit saat bosnya ternyata adalah Jazkiel Rei Amakasu. CEO muda yang menyebalkan, dan ... punya pacar toxic yang dulu pernah merebut kekasih Naomi.

Antara menyelamatkan hati orang lain atau menjaga hatinya sendiri, Naomi mulai sadar, mencari cinta tulus ternyata jauh lebih rumit daripada jadi penerus imperium keluarga.";https://www.wattpad.com/story/399343806-mission-save-my-boss;;;;;;
34;Shadow in the Lab;imfayaa__;"Romansa, Misteri, Thriller, Fantasi";"Sebagai anak magang di laboratorium penelitian mutakhir, Selene tahu pekerjaannya tidak akan mudah. Tapi dia tidak pernah menyangka harus berhadapan dengan Axel-vampir berbahaya yang dikurung dengan rantai berat, tatapannya tajam dan penuh kejengkelan.

""Nah, manusia lain."" Suaranya datar sebelum dia memutar mata, seolah keberadaan Selene hanyalah gangguan kecil dalam hari-harinya yang panjang.

Ilmuwan disini ingin memahami kekuatannya, mengungkap misteri yang membuatnya berbeda. Tapi Selene? Dia hanya ingin menemukan cara agar bisa bertahan... dan mungkin, mendekatinya tanpa menjadi target berikutnya.";https://www.wattpad.com/story/391059716-shadow-in-the-lab;;;;;;
35;Upil Yang Jatuh Tak Pernah Membenci Jari Kelingking;kaminarikyo;"Thriller, Horor, Fantasi, Misteri, Romansa";"
Orang bilang cinta itu tidak mengenal usia. Tidak memandang suku bangsa ataupun warna kulit. Cinta itu tumbuh di dalam hati dengan sendirinya, tanpa bisa dihindari ataupun ditolak.

Kyo pertama kali bertemu dengan Renata (Ren) ketika berada di sebuah taman. Atas kemurahan hati Ren, Kyo tinggal di apartemen milik Ren semenjak hari itu.

Hari demi hari bergulir tanpa terasa. Begitu juga benih-benih cinta yang mulai tumbuh subur di hati mereka masing-masing. Namun, kisah cinta tidak selalu membentangkan jalan yang mulus. Usia mereka yang terpaut jauh menjadi salah satu masalah. Ditambah lagi dengan hadirnya seseorang di antara mereka.

Ini bukanlah cerita sedih antara Kyo dan Ren. Juga bukan kisah cinta segitiga yang menyesakkan dada setiap orang yang membacanya. Lebih dari semua itu, cerita ini, akan membuatmu menangis dan tertawa di saat bersamaan. Membuatmu tercenung saat kamu berhasil memahami... apa arti sesungguhnya dari mengikhlaskan.";https://www.wattpad.com/story/197346396-upil-yang-jatuh-tak-pernah-membenci-jari;;;;;;
36;Kedhaton Hadiningrat ^ Revisi;TyalisPrameswari;"Horor, Romansa, Fantasi";"Serena lahir di Kota Soeraandaru Jasmijn, ketika usianya menginjak 6 tahun dia sekeluarga pindah ke luar kota. Kedua orang tua Serena waktu itu memiliki pekerjaan di luar kota yang tidak memungkinkan untuk pulang pergi. Sejak saat itu Serena hanya sesekali kembali ke tanah kelahirannya saat usianya menginjak kepala dua, sekedar untuk menenangkan diri dari hiruk pikuk kota metropolitan. 

Selama berada di sana Serena tidak pernah merasakan apa-apa walaupun masih bertanya-tanya kenapa kota ini identik sekalian dengan bau bunga melati. Sebenarnya alasannya cukup nyata, sepanjang penglihatan Kota Soeraandaru Jasmijn banyak tanaman bunga melati, sama seperti nama kota ini. 

Tapi konon katanya, melati bukanlah yang menjadi poin utamanya, tapi tentang desas desus keluarga Kedhaton memiliki kekuatan mistis. Masyarakat mengatakan hal itu karena setiap malam satu suro, tidak seorang pun diperbolehkan keluar dari rumah apa pun keadaannya. 

""Cah Ayu, sampun sapisan-pisan medal griya bilih mireng iring-iringan telapak dulu kapal, nggih."" ";https://www.wattpad.com/story/380250260-kedhaton-hadiningrat-%5E-revisi;;;;;;
37;"Your Majesty, I Can't do It!";Elisdisabet;"Romansa, Komedi, Fantasi";"Liora punya segudang cita-cita. Diantara banyaknya keinginan yang ingin ia gapai, masuk ke dunia novel dan jadi pemeran utama adalah hal yang paling ia idam-idamkan.

Walau kedengarannya mustahil. Nyatanya Tuhan mau mengabulkan. Liora di sini. Hidup di dalam novel kesukaannya yang berjudul The Only One. 

Tapi masalahnya...

""Bangke! Bukan nya jadi pemeran utama malah jadi pembantu. Ini seriusan aku diginiin?""

Bayangkan saja, Liora yang dikutuk menjadi anak perempuan satu-satunya di keluarga kaya raya. Sekarang harus menerima nasib menjadi pesuruh. Belum genap penderitaan, Liora menyadari ia adalah salah satu maid yang melayani Kaisar gila. Sosok antagonis yang terobsesi pada pemeran utama wanita.

""Tuhan, ini bisa di cancel nggak? Aku mau balik jadi anak Papa lagi. Please, passion ku nggak cocok jadi babu.""

Mau tidak mau Liora harus menerima. Yang jadi pertanyaan, sampai kapan Liora bertahan? Sedang ia sudah mengantongi ending cerita yang tidak menguntungkan. Hanya akan ada lautan darah di sini. Tak elak, Liora akan menjadi salah satu korban dari kebengisan tiran itu. 

Kabur adalah satu-satunya jalan. Tapi kok...

""Sial! Di sini aku terlahir miskin.""

Jadi Liora harus bertahan. Ia bertekad akan mengumpulkan uang dan pergi secepatnya. ";https://www.wattpad.com/story/402609199-your-majesty-i-can%27t-do-it;;;;;;
38;I just want to die;Lifeistress;"Aksi, Komedi, Fantasi";"Kael tidak pernah percaya pada takdir-apalagi fiksi. Tapi setelah mendengar temannya meracau tentang sebuah novel fantasi buruk berjudul ""Chronicles of the Crown"", ia justru terbangun di dunia itu. Parahnya lagi, ia berada dalam tubuh Kevalen Kazharia-seorang tokoh minor yang dicap pengkhianat dan ditakdirkan mati di usia 28 tahun.
  
  Sebuah sistem aneh muncul, memberi satu penjelasan: ""Jika kau ingin kembali ke duniamu, maka kau harus mati.""
  Tapi setiap kali ia mencoba mengakhiri hidupnya, nasib malah memelintir keadaan: ia menyelamatkan seorang anak, menggagalkan kudeta, menyatukan kerajaan, dan kini... dianggap sebagai harapan umat manusia.
  
  Dengan waktu yang terus berdetik menuju tanggal kematiannya, Kael-yang kini menjadi Kevalen-berusaha mempercepat akhir. 
  
  ""Aku hanya ingin mati!! Kenapa susah bangeet?!!!!!""";https://www.wattpad.com/story/394765696-i-just-want-to-die;;;;;;
39;JOJO;anakksleeeebewwwww;"Horor, Humor, Misteri, Religi";"Seorang remaja laki-laki bernama  Jo memiliki perbedaan fisik yang mencolok  dari saudaranya yang lain. Entah karena perbedaan fisik itu membuat sang kakek begitu membencinya. Diawali dengan pertemuannya dengan seorang anak kecil, yang membuatnya memiliki kemampuan pada indra keenamnya, terungkaplah apa yang menjadi motif kebencian itu muncul.Kesabaran, pengorbanan dan ketulusan hati  Jo akankah mampu untuk meluluhkan hati kakeknya? Ikuti kisah nya JOJO .";https://www.wattpad.com/story/376625524-jojo;;;;;;
40;Back to Begin Again;aprillyvipi;"Romansa, Humor, Waktu";"Rain merasa hidupnya hancur setelah menikah dengan Travis, pria yang sejak dulu ia kejar mati-matian. Pernikahan mereka dingin tanpa cinta, dan semua pengorbanannya terasa sia-sia. Dendam pada Maria, saudara tirinya, membuat Rain buta hingga rela merebut kebahagiaan orang lain. Namun kebencian itu justru menyeretnya pada akhir yang tragis.

Di malam terakhirnya, saat Rain ditikam dengan kejam. Travis hanya berdiri diam di sisi Maria, membiarkan nyawanya terkuras habis. Dalam detik-detik terakhir, Rain menyesali kebodohannya. Ia berjanji, jika semesta memberinya kesempatan kedua, ia akan hidup tanpa dendam dan memperbaiki segalanya.

Dan entah bagaimana, semesta mendengar sumpah itu. Saat membuka mata, Rain mendapati dirinya kembali ke usia 17 tahun, tepat sebelum semua keputusan keliru itu dimulai.

Kesempatan kedua kini ada di tangannya. Namun akankah ia benar-benar bisa mengubah nasib, atau justru terjerumus pada jalan yang sama?";https://www.wattpad.com/story/402165090-back-to-begin-again;;;;;;
41;Rantai Obsesi;Lampumalam3;"Mafia, Misteri, Thriller";"Dulu, dia adalah sosok yang kuat tegas, berkuasa, dan tak tersentuh. Tapi segalanya berubah ketika keluarganya membalas semua perbuatannya. Bertahun-tahun disiksa, dikurung, dan dilupakan, dia kehilangan segalanya kekuatan, harga diri, bahkan keinginannya untuk hidup.

Namun, ketika siksaan itu berhenti, dia tidak mendapatkan kebebasan. Justru, keluarganya mulai memperlakukannya dengan cara yang lebih mengerikan dengan obsesi yang tak terjelaskan.

Dia ingin lari, tapi rantai yang mengikatnya terlalu kuat. Setiap langkah menjauh justru membuatnya semakin tergantung. Ketika orang luar mulai ikut terobsesi dengannya, satu hal menjadi jelas: dia tidak akan pernah benar-benar bebas.

SEBERAPA JAUH SESEORANG BISA BERTAHAN SEBELUM AKHIRNYA MENYERAH PADA TAKDIR?";https://www.wattpad.com/story/391867405-rantai-obsesi;;;;;;
42;Darling Watch Me Win (Repost);Hossana222;"Romansa, Fantasi, Humor";"Aveline mati sebagai antagonis, dihujat karena cinta yang buta dan obsesif pada Davian. Namun saat terbangun lima tahun sebelum segalanya hancur, ia memutuskan untuk tidak lagi mengejar pria yang tak pernah mencintainya.

Cantik, kaya, dan berbakat, kali ini Aveline ingin hidup untuk dirinya sendiri. Dan jika ada pria yang membuatnya tertarik, itu adalah Leonhart Alvaro. Dia satu-satunya orang di kehidupan lalu yang menawarkan bantuan saat yang lain justru berlomba-lomba membunuhnya dengan kata-kata.

Namun semakin ia memperbaiki hidup, semakin ia sadar, selama ini bukan dia antagonisnya. Ada musuh dalam selimut. Dan jika dia tidak menumbangkan mereka, kisah tragisnya bisa saja terulang.";https://www.wattpad.com/story/394334447-darling-watch-me-win-repost;;;;;;
43;JUDAS;Ezra san;"Romansa, Mafia";"Isabella Blair dapat bebas bersyarat dari penjara, Isabella diharuskan mengikuti perintah dari seseorang yang mengaku sebagai detektif bernama Killian, detektif itu mengirim Isabella bekerja sebagai Stripper di rumah hiburan bernama Devil's Allure.

Rumah hiburan milik ketua mafia yang sudah jadi incaran polisi sejak lama namun tak kunjung berhasil dijerat, Isabella pikir tugasnya mudah, hanya perlu mencari bukti yang bisa membuktikan kejahatan Judas si ketua mafia namun semua tidak semudah Isabella bayangkan.

Judas sangat sulit untuk dibodohi, dan yang lebih parahnya lagi Isabella bukanlah wanita pertama yang Killian kirim, Killian sudah mengirim banyak wanita namun semuanya telah mati di tangan Judas tanpa meninggalkan bukti yang bisa memberatkan Judas.

Isabella mungkin juga akan bernasib sama, kecuali ia bisa merubah nasibnya dengan cara berpura-pura jatuh cinta pada Judas yang kejam dan sering memperlakukan Isabella bagai properti.
";https://www.wattpad.com/story/334820418-2a-judas-end;;;;;;
44;Maybe I Was Meant to Save You;vallen1007;"Romansa, Fantasi";"Caroline tak pernah menyangka candaan recehnya akan menjadi kenyataan.

Harapan sesaatnya melempar ia kedalam sebuah novel kisah cinta klasik. Bukan jadi tokoh utama, bukan juga si pemeran jahat, tapi figuran yang bahkan tak pernah disebut namanya.

Tapi siapa bilang figuran tak akan punya peran penting?

Dengan tubuh anak kecil dan misi absurd untuk ""menyelamatkan second male lead dari takdir kelamnya,"" Caroline bertekad untuk membuat dunia kelam bagi second malelead yang dulu cuma ada di halaman buku jadi sedikit lebih hangat.

Dan mungkin... sambil tak sadar, dia juga menyembuhkan dirinya sendiri.";https://www.wattpad.com/story/402856831-maybe-i-was-meant-to-save-you;;;;;;
45;End Up With Him;azizahazeha;"Aksi, Romansa, Komedi";"Vira dan Laksa sudah saling mengenal sejak lama, keduanya harus menikah karena sebuah insiden. Pekerjaan Laksa yang seorang artis membuat keduanya harus menyembunyikan pernikahan mereka.

***

Vira Saladin sangat membenci Laksamana Hadi Aji yang merupakan aktor laga terkenal. Hubungan pertemanan mereka kacau akibat sebuah insiden di masa remaja. 
Lalu karena sebuah kontrak pekerjaan, Vira terpaksa kembali menjalin komunikasi dengan Laksa dan menawarkannya menjadi bintang iklan produk dari perusahaan Om nya.

Farel, kekasih Vira yang juga bekerja di kantor yang sama dengannya berselingkuh. Vira memergoki Farel tengah bercumbu dengan teman satu divisinya sendiri. Karena hal itu, Farel memasukkan obat ke dalam minuman Vira di sebuah acara. 

Laksa mengetahui rencana jahat Farel. Didorong rasa ingin melindungi, dia mencoba menyelamatkan Vira. Namun karena hal itu juga dia menjadi terjebak ke dalam sebuah insiden yang membuatnya harus bertanggung jawab.";https://www.wattpad.com/story/212025478-end-up-with-him-selesai;;;;;;
46;Ketika Nyata Terlalu Pahit;arciian;"Horor, Misteri";"Menceritakan Sabiru Eliano Marel, seorang anak laki-laki ceria dan penuh humor, yang hidupnya berubah total setelah ia menerima rentetan kenyataan pahit dalam hidupnya: pengkhianatan yang dilakukan oleh salah satu anggota keluarganya, serta kehilangan orang yang berarti dalam hidupnya, memaksanya tumbuh lebih cepat dibandingkan teman seusianya.

Setiap perjalanan, kesedihan, kemarahan, rasa bersalah, dan kekecewaan terus menghantuinya.";https://www.wattpad.com/story/404494149-ketika-nyata-terlalu-pahit;;;;;;
47;SI PEMALAS MENJADI ANTAGONIS;Tryingto_lovemyself;"Romansa, Fantasi, Humor";"Ini adalah cerita Ranalla. Gadis yang menunggu rumah yang tadinya seperti kadang babi, berubah menjadi tempat pembuangan sampah, Sebelum akhirnya membersihkan rumah. 

Bagaimana jika Ranalla yang pemalas ini, merasuki tubuh Tokoh Antagonis?. Bisakah Ranalla menjalani perannya sebagai Tokoh Novel, atau malah menyibukan diri dengan kasur tercintanya?. 

""Padahal gue cuma tidur doang. Bukan ketabrak mobil, atau ngelakuin hal konyol kaya makan rinso, atau minum liquid sampe harus transmigrasi.""";https://www.wattpad.com/story/397766312-si-pemalas-menjadi-antagonis;;;;;;
48;TRANSMIGRASI SANG KETUA;Wiwi Ramadani;"Misteri, Thriller, Fantasi, Mafia, Aksi";"Setelah kalah dalam pertarungan terakhirnya, Stella mengira hidupnya sudah berakhir. Namun, saat membuka mata, ia bukan lagi dirinya sendiri-melainkan Liona Hazel Elnara, gadis yang dibenci keluarganya dan sudah lama kehilangan alasan untuk hidup. Stella yang dulu berjuang mati-matian untuk bertahan kini terjebak dalam tubuh seseorang yang menginginkan kematian.
";https://www.wattpad.com/story/371926230-transmigrasi-sang-ketua;;;;;;
49;Garis Samar;Your_Hilal;"Romansa, Religi, Komedi";"Ciara Savia, gadis 20 tahun yang dinikahkan dengan pria 34 tahun (bukan duda). Beda 14 tahun. Buset, itu gap usia atau kesenjangan ekonomi di Indonesia? Jauh bener.

Mau dibilang pernikahan ideal? Bukan.
Mau dibilang toxic? Juga bukan.

Calon mahasiswi hukum, menikah dengan letnan kolonel Kopassus yang lebih sering berurusan dengan senjata daripada negosiasi di meja kerja. 

Ciara masih sibuk memahami hukum negara, sementara Pramudya sudah tahu bahwa hukum bisa dibengkokkan dengan uang dan kuasa.

Mau diakhiri, tapi Ciara punya prinsip ""Mati sekali, hidup di dunia sekali, jatuh cinta sekali, menikah juga harus sekali. Meski pernikahan ini berawal dari konspirasi, cerai bukanlah solusi.""

Jadi, gimana, nih?
";https://www.wattpad.com/story/385691196-garis-samar-selesai;;;;;;
50;Operation Heart;messylittlecat;"Romansa, Komedi";"Setelah berhasil tembus program residensi, cita-cita Clara tinggal satu: menikah sebelum umur tiga puluh. 

Akan tetapi, sepertinya titel residen tahun pertama dan cita-citanya bukan kombinasi yang baik, terutama setelah ditolak terang-terangan oleh spesialis yang ia jadikan target 'operasi'.

Kalau hidupnya selama koas sudah jadi lantai alias diinjak-injak sebagai kasta paling bawah di rumah sakit, hidupnya sebagai residen tahun pertama itu ibarat naik sedikit jadi keset-bukan keset premium, tapi keset murah yang nggak ada harganya. Ada di atas lantai, tapi masih dipakai buat ngelap kaki, disiram air kotor, atau digebuk pakai sapu lidi.

Kini, dengan cita-cita yang terancam bahaya, Clara harus segera menemukan target baru. Beruntungnya (atau sialnya?), ia tahu siapa yang bisa jadi target selanjutnya: psikolog ganteng pemilik kafe depan rumah sakit, Dirga.

Akankah ""operasi hati"" Clara kali ini membuahkan hasil yang tidak disangka, ataukah ia hanya akan mengulangi prosedur patah hati yang sama? Lebih dari itu, mampukah Clara tidak kehilangan dirinya ketika memutuskan untuk bersama dengan Dirga?";https://www.wattpad.com/story/395736041-end-operation-heart;;;;;;
51;Polos? Lah Pemain Nih Boss!;MyAororaLisa;Komedi;"Brothership/Family 

Leno Alvares itu miskin. Orangnya tuanya telah tiada hingga membuat menjadi susah untuk bertahan hidup.

Namun karena dia memiliki wajah yang begitu imut, ia memanfaatkan wajahnya itu agar bisa membuat orang-orang membantu kehidupan sehari-hari.

Dia berpura-pura polos agar bisa memikat hati banyak orang. 

Hingga Leno membuat suatu rencana agar bisa mendekati orang kaya untuk bisa menipu mereka dan membuat mereka luluh padanya dengan berpura-pura polos.

Sayangnya Leno tidak berpikir bahwa keluarga yang di dekatinya malah begitu terobsesi padanya. Belum lagi ternyata ada yang mencoba untuk menyingkirkannya.

* * *

""Tolongin!! Gua nggak polos, semuanya tipu-tipu om! Pulangin gua! Mau pulang!!""

""Baby, kau milik kami sekarang ~~""

""Tidak!!""";https://www.wattpad.com/story/398515726-polos-lah-pemain-nih-boss;;;;;;
52;Senandung Azalea;khairunnisa;Romansa;"Ia terdiam sejenak menatapku, lalu bertanya, ""Can we be friends?""

Aku tak tahu harus menjawab apa. Seorang suami meminta istrinya untuk menjadi teman? Apakah ini permainan Azkaa? Kalau benar begitu, lucu juga. Kurasa aku akan mengikuti permainannya.

***

Memiliki trauma masa lalu akibat kecelakaan yang menewaskan kedua orang tuanya, Azalea harus bertahan hidup seorang diri. Saat mulai membenahi mental dan kehidupannya, Azalea justru harus menjalani pernikahan tanpa cinta dengan Azkaa.

Azalea dan Azkaa harus menjalani pernikahan yang tak mereka inginkan. Hubungan mereka yang rumit menjadi semakin pelik dengan kehadiran Ilona, mantan kekasih Azkaa. Lalu, ada Barata yang mengharapkan cinta Azalea.

""Don't fall in love with me,"" ucap Azkaa suatu kali.

Azalea dan Azkaa berpikir semua akan berjalan singkat dan mereka akan segera berpisah. Namun, semua menjadi lika-liku yang membingungkan saat perasaan mulai terlibat. Belum lagi, kisah masa lalu Azalea yang kembali datang menghampiri hidupnya.

Akankah kisah mereka menjadi elegi dengan gigil yang tak mau pergi? Atau berakhir menjadi senandung dengan cinta yang tak terbendung?";http://wattpad.com/story/255868990-senandung-azalea-completed;;;;;;
53;Sanggar Tanpa Pulang;SASA;"Horor, Misteri";"Sanggar Kesenian Giri Swarna selama puluhan tahun dikenal sebagai tempat latihan tari tradisional hingga serangkaian kejadian ganjil mengubahnya menjadi ruang penuh tanda tanya. Pipin dan Tian, dua anggota muda yang memiliki kemampuan melihat hal-hal tak kasat mata mulai menyadari bahwa sanggar tersebut menyimpan sejarah yang tidak pernah dicatat. Bayangan penari muncul tanpa tubuh, gamelan berbunyi tanpa pemain, dan topeng-topeng tua bergerak seolah memiliki nyawa sendiri.

Saat salah satu anggota menghilang dan sebuah topeng baru muncul dengan nama Pipin terukir di dalamnya keduanya dipaksa mengungkap kebenaran yang disembunyikan selama lima puluh tahun. Mereka menemukan bahwa sanggar dibangun di atas tempat peristirahatan seorang anak yang tidak pernah dipulangkan melalui ritual terakhir, ketika gerbang antara dua dunia mulai terbuka Pipin dan Tian harus memutuskan apakah mereka sanggup menghentikan tarian yang tidak pernah selesai-atau menjadi bagian darinya untuk selamanya.

Sanggar Tanpa Pulang menghadirkan kisah horor bernuansa budaya, di mana tradisi, kesenian, dan masa lalu yang terlupakan saling terkait dalam satu pertanyaan : ""siapa yang sebenarnya dipilih untuk tetap tinggal?""";https://www.wattpad.com/story/404441719-sanggar-tanpa-pulang;;;;;;
54;Repeating Time;Zaenuna;"Fantasi, Waktu";"Kematian orang yang ia cintai, membuat Nara terpuruk. Apalagi gadis itu menganggap bahwa sifat buruknya lah yang menyebabkan kematian orang yang cintainya.

Setelah mengistirahatkan diri selama sepekan, Nara akhirnya masuk sekolah kembali. Itupun berkat paksaan sang ibu dan temannya. 

Namun naasnya sebelum memasuki gerbang sekolah, gadis itu kecelakaan didepan sekolahnya sendiri, hingga sekujur tubuhnya terasa remuk. Bukannya takut akan kematian, Nara justru bersyukur ajal menjemputnya.

Mungkin Tuhan berbaik hati kepadanya dengan memberikan kesempatan kedua padanya. Setelah mengalami kecelakaan fatal itu, Nara hidup kembali.

Tapi anehnya, Nara tidak terbangun dirumah sakit, dengan infus ditangan, melainkan ia hidup kembali pada saat pertama kali ia bertemu dengan orang yang ia cintai.";https://www.wattpad.com/story/294504626-repeating-time;;;;;;
55;Axevelia is Devil;asnaaa27;"Aksi, Mafia, Thriller, Misteri";"Hidup penuh dengan makian dan mendapatkan kekerasan dari orang tuanya membuat Veli tumbuh menjadi gadis yang kejam dan pendendam. Kehidupan nya yang gelap itu membuat Veli masuk ke dunia bawah hingga membuat kelompok pembunuh bayaran yang memiliki aura gelap dan sadis.

Gadis yang tidak mengetahui siapa orang tuanya selalu mendapatkan cacian di sekolahnya. Hingga akhirnya Veli di adopsi oleh keluarga kaya raya yang ternyata memiliki sebuah kelompok mafia yang bernama Lion Dark.

Hidupnya sedikit berwarna saat Veli memiliki teman sebangku bernama Alrez yang selalu mengganggu kehidupan nya. Tidak ada satu orang pun yang tahu bahwa Alrez adalah seorang psikopat yang amatir, pemuda itu begitu pandai menutupi indentitas nya.

Hingga akhirnya ia menemukan sebuah fakta mengejutkan yang membuat ikut merasakan kegilaan yang sulit di terima dari permasalahan orang dewasa. Akan kah Veli dapat membalaskan dendamnya dan bertahan untuk menghentikan kejahatan seseorang?";https://www.wattpad.com/story/376590433-axevelia-is-devil;;;;;;
56;Suami Satu Semester;Nova Juliana Putri;"Humor, Romansa";"Nikah?

Sama dosen pembimbing skripsi sendiri? 

Apa jadinya? 

Untung atau malah bunting eh buntung? 

Hanya kisah tentang mahasiswa semester akhir 
yang tengah diburu deadline menulis skripsi. Terpaksa menikah dengan dosen pembimbing skripsinya sendiri. 

Entah musibah atau malah berkah, Junia Zefanya Azahra harus menggantikan sang kakak duduk di sebelah seorang pria asing untuk melaksanakan ijab kabul pernikahan. Pria bernama Nugraha Desrouleaux Malik, yang tidak lain adalah dosen pembimbing skripsinya sendiri. 

""Saya akan bantu menyelesaikan skripsi kamu, dengan satu syarat""

""Yaelah pake syarat-syaratan segala. Dikira saya seneng gitu kawin sama bapak. Ck ok. Apa syaratnya?""

""Pernikahan ini hanya berlangsung selama satu semester kuliah kamu""

""What??!!""

========== 

Bagaimanakah kisah pernikahan mahasiswi dan dosen ini? Apakah akan benar berlangsung hanya satu semeter? Atau berlanjut seperti layaknya pernikahan pada umumnya?";https://www.wattpad.com/story/75757123-suami-satu-semester-sudah-terbit;;;;;;
57;Sweet Cake;stlutfiyani;"Romansa, Sekolah, Humor, Keluarga, Trauma";"""Kata Mami, Dede itu manis, kaya kue.""

Perumpamaan yang sering kali Avisha ucapkan. Gadis kecil dengan julukan 'Si manis maniak kue'

Bagaimana jadinya jika Avisha yang sudah nyaman menjadi anak tunggal, harus tersingkirkan secara tiba-tiba hanya kurang dalam waktu semalam?

Avisha tahu bahwa ia sebentar lagi akan memiliki keluarga baru, karena Maminya yang tiba-tiba meminta izin untuk kembali menikah. Namun, yang Avisha tak tahu.. Papa sambung yang di maksud Kirana adalah Papa kandungnya sendiri. Pria yang dulu tega meninggalkan dirinya dan Mami hanya demi wanita lain. Pria yang telah menggores luka terlalu dalam dihati kecilnya.

Kini, Avisha tak hanya harus menerima kembalinya sang Papa, tapi juga kehadiran tiga Kakak laki-laki baru dalam hidupnya.

Tiada hari tanpa kejahilan dari Avisha, dan tiada hari juga tanpa teriakan melengking di setiap sudut rumah.

Berapa lama si kecil Avisha bisa bertahan menghadapi kasih sayang yang tak pernah ia minta? Akankah ia berhasil merebut kembali Maminya seorang diri... atau justru luluh dalam kehangatan keluarga yang tak pernah ia bayangkan?.
";https://www.wattpad.com/story/394736475-sweet-cake;;;;;;
58;Lionel Kandra;Pandan-green;"Keluarga, Komedi, Sekolah";"Sebenarnya hati Lionel itu baik dan suci, tapi cuma waktu bayi.

Dia orangnya penolong, buktinya mau bantuin anak kecil yang dibuang orang tuanya. Bantuin buat bunuh ibunya.

""Lo kenapa?""

""Aku dibuang sama mama, kak..""

""Ck ck ck. Kasihan banget. Ayo bunuh ibu lo, gue bantuin.""

Lionel itu ... kejam. Dan bagaimana mungkin anak berandal yang beberapa kali masuk sel ini, malah banyak yang menyayangi?";https://www.wattpad.com/story/399983539-lionel-kandra;;;;;;
59;This is Not A Good Love Story;rinasuiii;"Keluarga, Romansa";"Dalam kisah Romeo dan Juliet, kita diajarkan bahwa cinta butuh pengorbanan. Dalam kisah The Notebook, cinta diibaratkan sebuah rumah, walau berkali-kali mendapat rintangan, kamu akan selalu kembali pada satu orang itu. 

Bila ditilik, apa kalian mendapat pemahaman, sebenarnya cerita cinta yang indah itu kayak gimana? Apa penuh pengorbanan meski akhirnya tidak bersama? Ataukah yang berhasil bertahan sampai akhir? Atau ada unsur lainnya? 

Nola tidak sedang dalam kebimbangan harus meneguk racun atau terpisah ikatan pernikahan dengan orang yang ia cintai, kisahnya lebih sederhana. Ini dimulai dari dirinya yang jatuh cinta pada tetangganya, Dirga, seseorang yang mengaku tidak percaya cinta. 

Ia tidak tahu apa kisahnya menjadi salah satu kisah cinta yang gagal ataukah baik. Permulaannya sih, merujuk ke pilihan pertama. 

Kehidupan SMA-nya juga diwarnai dengan perasaan ditinggalkan sahabat pacaran, orang tua yang tidak mendukung dan membeda-bedakan, juga tambahan kisah yang menguak masa lalu kelamnya Dirga. 

Jika kalian adalah orang-orang yang pernah merasa terluka, kecewa, tertolak dalam kisah cinta remajamu. Ini mewakili kisahmu juga. 

Karena ini bukan kisah cinta yang indah.";https://www.wattpad.com/story/243171513-this-is-not-a-good-love-story-completed;;;;;;
60;Teman Kos Dari Neraka;Kai Elian;"Romansa, Komedi";"Aulia senang sekali karena dapat beasiswa untuk kuliah di Melbourne. Apalagi tempat kosnya murah, nyaman, dan ibu kosnya baik. Tapi kesenangan itu menguap setelah Aulia tahu dia harus berbagi rumah dengan Jovan, cowok ketus yang tanpa sengaja pernah memukulnya dengan kotak gitar di stasiun. Sikap Jovan yang cuek, suka mencuri dan seenaknya bikin hidup Aulia di rumah merana. Dan seolah itu belum cukup, Aulia juga harus sekelas dengan Jovan di kampus.

Bersama Ningsih sahabat baiknya, Aulia mencoba menjalani hidupnya di Melbourne sebaik mungkin. Aulia berkenalan dengan Terry, pemuda lokal yang diam-diam naksir padanya. Lalu ada juga Allison, vokalis yang satu band dengan Jovan sekaligus teman kos Ningsih; dan Alva, cewek manis asal Tiongkok.

Suatu malam, Jovan pulang ke rumah dalam keadaan babak belur. Namun cowok itu tidak mau memberitahu Aulia apa yang terjadi. Kemudian Jovan menghilang selama seminggu dari rumah. Saat membantu tugas Ningsih di rumah sakit, Aulia melihat sekelompok pria Tiongkok sedang mencari Jovan. Lewat terjemahan Alva, Aulia jadi tahu kalau Jovan berurusan dengan para mafia yang menginginkan uang darinya!

Apa sebenarnya yang terjadi pada Jovan, teman kosnya yang super nyebelin itu?";https://www.wattpad.com/story/184496091-teman-kos-dari-neraka-tamat;;;;;;
61;Elegi Rasa : Pergi;Kala Seta;"Romansa, Waktu, Sekolah";"Kadang menjadi begitu terlambat menyadari sesuatu akan membekaskan rasa sakit yang tak lekang oleh waktu. Saat cerita yang kelewat singkat dilalui menghantarkan pada sakit yang menghantui.

Safir sudah merasakannya. Dua kali dalam hidup ia seperti dipermainkan rasa. Nila yang tak mau melihat. Dan Bianca yang pergi pada sesuatu yang tak terlihat.

Ketika sepi melanda. Bukannya pada dunia yang luas, hanya pada dunianya sendiri yang tiba-tiba runtuh. Safir merasa begitu buruk di mata Bianca. Merasa begitu lelah di hadapan Nila.

Dan malam itu, harusnya ia berusaha lebih keras. Saat si gadis berkata, ""Aku pamit pulang, ya."" Harusnya Safir membujuk lebih tegas. ""Biar aku yang antar.""

Kenyataannya, Safir menjadi begitu terlambat. Saat rasa itu mulai tertambat. Hatinya justru sakit tanpa ada yang membebat.";https://www.wattpad.com/story/312148281-elegi-rasa-pergi;;;;;;
62;ZIDANE;dsulisty12;"Sekolah, Misteri";"Zidan, ketua geng motor dengan segala ketampanannya dan pesonanya membuat banyak kaum hawa terpikat. Namanya bukan ketua geng motor jika tidak bisa menguasai ilmu bela diri. 

Berasal dan memiliki marga dari kalangan bukan sembarang membuatnya disegani bahkan ditakuti banyak orang. 

Dia tidak dingin, dia humble jika bersama teman cowoknya dan akan berubah menjadi sosok yang ganas saat memimpin gengnya dan melawan musuhnya. Jangan lupakan, jika ia hanya bersikap hangat pada orang spesial dihatinya.

Dirinya ditakdirkan bertemu dengan sosok gadis yang penuh rahasia. 

Dingin. Pendiam. Irit bicara. Itulah sekilas deskripsi gadis itu yang entah kenapa bisa masuk ke dalam kehidupan Zidan.

Permasalahan demi permasalahan menghampiri mereka hingga membuat nyawa mereka dan orang terdekat terancam. Apalagi dengan teka-teki yang harus mereka temukan jawabannya. Lalu, bagaimana cara mereka untuk menyelesaikan masalah dengan kemungkinan yang bisa saja terjadi? ";https://www.wattpad.com/story/235985954-zidane-end;;;;;;
63;Kerfuffle ;Tasyayouth;"Romansa, Komedi";"Nikah? Kata mereka, kehidupan pernikahan itu ajaib. Akan ada hal-hal tidak terduga dalam kehidupan pernikahan. 

Ajaib? Sepertinya itu pula yang dirasakan oleh Cattleya Renanthera. 

Keajaiban demi keajaiban terus masuk ke kehidupannya. Semua karena seorang lelaki bernama Davano Algara. Lelaki yang punya dua sudut berbeda. Si dosen killer di kampusnya dan juga si suami yang mampu membuatnya baper secara tidak terduga.

Namun, baik berperan sebagai suami atau pun dosen, Davano tetap terlihat menyebalkan di mata Cattleya. Mereka tidak pernah bisa akur satu sama lain. Bak positif-negatif, siang-malam, bahkan bumi-langit. Perbedaan-perbedaan itu membuat keduanya saling tarik ulur. Dan memang, dunia pernikahan juga butuh perjuangan seperti menulis skripsi demi sebuah kelulusan abadi.";https://www.wattpad.com/story/207674893-kerfuffle-tamat;;;;;;
64;THE GENIUS TRASH PRINCE;YOKAIIIAU;"Aksi, Misteri, Fantasi, Komedi";"Seorang jenius game yang telah memecahkan banyak sekali teka teki dalam game yang bahkan tak ada satu pun game sulit yang tidak bisa dia tamatkan. 

Tetapi suatu hari dirinya tak sengaja masuk kedalam dunia game menjadi karakter lemah dan di anggap sampah karena tidak memiliki kekuatan sihir maupun fisik yang lemah.

""Persetan dengan alur cerita game, aku akan menjadi pangeran sampah yang hidup seperti orang mati dan menikmati kekayaan ini!!""";https://www.wattpad.com/story/394180606-the-genius-trash-prince;;;;;;
65;Yohan ;Raai_Rif4L;Keluarga;"[ Brothership, Friendship ]

Yohan itu selalu bangga sama tubuh bongsor tingginya, bahkan teman temannya selalu memanfaatkan dia untuk memimpin jalanan agar membuat lawan ketar ketir seolah melihat titan.

tapi takdir tidak pernah ada yang tau, Yohan harus bertemu psikopat gila di hutan yang membuatnya harus berpindah tubuh dengan seseorang.

namun, tubuhnya sekarang adalah tubuh seorang anak bau kencur yang pendek dan kecil, ini memalukan!";https://www.wattpad.com/story/362366748-yohan-%E2%9C%94%EF%B8%8F;;;;;;
66;EPHEMERAL;Nisreina Nabila;"Romansa, Keluarga";"Dia laki-laki yang mengajarkanku titik tertinggi dalam mencintai. Dia membuat aku jatuh cinta sejatuh-jatuhnya. Dia laki-laki yang kucintai dengan tiba-tiba dan tidak akan pernah aku biarkan pergi. Dengannya aku bahagia, asal dia di sisiku, rasanya dunia akan baik-baik saja.

Aku pernah berusaha untuk terbiasa tanpa dia, rasanya hampir gila karena tidak kuat melawan rindu. Aku pernah sakit karena menahan diri untuk tidak mencarinya, bahkan aku menangis ketika mengingat saat dia terluka.

Lantas jika takdir kami saat ini engkau jadikan satu, maka tolong bantu aku untuk menjaganya. Sebab kehilangannya adalah sesuatu yang benar-benar akan membuatku membenci takdirku sendiri.";https://www.wattpad.com/story/278653289-ephemeral-completed;;;;;;
67;Teman Sebangku Pemalas;Ghoni Adim;"Romansa, Komedi";"Rajin dalam bidang bermalas-malasan 
- Rehan

SINOPSIS:
Serli murid baru harus duduk bersama Rehan. Serli murid paling pintar dan rajin mulai terganggu dengan aktivitas kemalasan Rehan. Kegiatan Rehan di kelas mulai dari tidur saat jam pelajaran, tidur saat jam istirahat, hingga tidur saat jam olahraga. Bukan hanya itu tetapi teman aneh lainnya yaitu Julian sang penjelajah gila yang duduk di depan Serli, Alfi penggemar novel romance comedy baperan, duduk di sebelah kanan Serli. Dan Dinda murid paling terfamous seantero kelas duduk di belakang Serli. 
Ini sebuah pengalaman baru bagi Serli dikelilingi manusia aneh. Keresahan dan pengalaman baru akan dijalani Serli. Sulitkah? Baca sampai habis cerita ini.

Hak Cipta novel ini dilindungi undang-undang. Ditulis dan dipublikasikan oleh Penulis

- Ghoni Adhim.";https://www.wattpad.com/story/190784209-teman-sebangku-pemalas-end;;;;;;
68;In the Footsteps of the Unknown;Benyuk;"Aksi, Fantasi";"Konflik dan konflik, perang pecah setiap hari, pertikaian jadi sarapan tiap pagi. Sampai kapan penderitaan ini selesai?

Seluruh dunia, bukan hanya rumah kita. Nasib mereka sama, apa-apa saja harus menderita. 

Penjajah kejam dan makhluk tamak dengan mudahnya mengusir kita dari rumah, memaksa mencari yang aman dan ramah. 

Seluruh jiwa, bukan hanya kau. Nasib mereka sama, mengundi takdir di perjalanan panjang tanpa akhir.

Lihatlah dua belas imigran ini, mereka kabur dari rumah, pergi ke tengah peperangan, semua demi pernaungan.

Tak perlu kemewahan, sepotong roti gandum dan susu kurma cukuplah bagi mereka.";https://www.wattpad.com/story/388154505-in-the-footsteps-of-the-unknown;;;;;;
69;LIZEA;silviastyrr;"Misteri, Cinta";"Lizea Clarranya James, seorang gadis remaja yang mempunyai kehidupan mewah dan kebebasan,orangtuanya tak pernah mengawasinya. Ia baru saja pindah ke Indonesia. Bergabung dengan salah satu geng motor populer,yang mempunyai musuh misterius.

Terlebih lagi menerima takdir sebagai anak brokenhome. Dimana ayahnya yang justru memisahkannya dengan kakak sendiri.

Bukannya bahagia saat di Indonesia,ia harus menerima teror dan masa lalu yang kembali menghantui.


Akankah dia tahu musuh misteriusnya?

Akankah dia tahu siapa yang menerornya?

Akankah dia bisa berdamai dengan masa lalu?
";https://www.wattpad.com/story/259753554-lizea-end;;;;;;
70;Innocent Heart;REINA RELISTHA;"Romansa, Komedi";"""Pasal satu, dosen selalu benar.
Pasal dua, jika dosen salah, harap kembali ke pasal satu.""


Menjadi mahasiswa yang biasa-biasa saja, adalah apa yang kupikir akan kujalani di semester lima ini. Siapa sangka kalau ternyata aku salah.

Aditya Rahardian. Dosen aneh pecinta buku, yang punya model kerangka manusia utuh di kantornya. Punya kemampuan menghisap kesabaran dan kewarasan dari ubun-ubun. Selalu bikin stres! 

Dan kabar buruknya, hingga akhir semester nanti aku malah terjebak bersamanya.

Bye... Bye... Kebebasanku...";https://www.wattpad.com/story/145144405-innocent-heart-tamat;;;;;;
71;TRANSMIGRASI PEMUSNAH CAHAYA;tham_N;"Humor, Fantasi, Aksi";"Dimas, seorang analis data yang sinis, baru aja selesai baca novel itu sambil mengumpat. ""Kalau gue jadi Archi, udah gue bantai semua!""

?...Hati-hati sama ucapan.

?Tewas dan terbangun sebagai Pangeran Archi-tepat seminggu sebelum hidupnya hancur total. 

Misinya cuma satu: Balas dendam. Brutal, efisien, dan tanpa ampun.


?Ini bukan kisah pahlawan yang menyelamatkan dunia. Ini kisah seorang 'Manajer' gila yang mengubah hutan terkutuk jadi pabrik perang, menghancurkan kerajaannya.";https://www.wattpad.com/story/403656851-transmigrasi-pemusnah-cahaya-revisi;;;;;;
72;Another Cannon Fodder;diamond_life5;Keluarga;"Vallen terbangun dan mendapati ia kembali ke masa lalu.

Ternyata ia bukanlah anak kandung dari keluarganya saat ini. Saat mengetahui itu ia menolak untuk kembali ke orang tua kandungnya. Jadi Vallen selalu membuat masalah dengan keluarganya dan menolak kehadiran Tuan Muda asli  itu.

Tapi siapa sangka ia akan berakhir tragis. Ia akhirnya tersadar dan tidak ingin mengulangi kesalahan yang sama. Ia dengan patuh akan meninggalkan keluarga yang sudah dari kecil hidup bersama. 

Vallen mulai merelakan semuanya dan tidak lagi mengharapkan apa yang disebut 'keluarga'.

Sampai suatu hari, si kembar Martinez mendatanginya.

""Vallen, kan?""

Vallen dengan kaku menganggukkan kepalanya. 

""Kami menyukaimu, mulai sekarang Vallen akan menjadi adik kami.""

""Huh?""";https://www.wattpad.com/story/344968062-another-cannon-fodder;;;;;;
73;Melodi untuk Jasmine;Alda Miranda;Romansa;"""Satu-satunya perempuan yang bisa membuat aku sempurna cuma kamu, Jess. Nggak ada perempuan lain yang lebih hebat dari kamu.""
-Evan-
--
Bagi Jasmine, gadis cantik yang dingin dan angkuh, hidupnya hanyalah sebuah sepi berkepanjangan. Ia menginginkan kebahagiaan yang utuh dari ayahnya. Namun, ayahnya terus larut dalam kesibukan dan selalu bersikap dingin kepadanya.

Bagi Evan hidupnya telah kehilangan tujuannya. Semua mimpi telah lenyap di masa lalu. Tak ada seorang pun yang mampu membantunya kembali bangkit, termasuk keluarga dan sahabatnya. 

Dan pada sebuah kisah yang telah langit tentukan, mereka akhirnya bertemu. Melalui berbagai kenyataan pahit di masa lalu dan genggaman masa depan, akankah mereka menemukan kebahagiaan, tujuan, serta asa mereka kembali?";https://www.wattpad.com/story/258662921-melodi-untuk-jasmine-end;;;;;;
74;Inersia;Anassatia;Cinta;"Awalnya tidak ada yang salah dengan Risyafa Airen. Seorang murid perempuan tingkat akhir di sekolah menengah atas. Eh, ada yang aneh satu hal. Perempuan ini hobi membolos. Sekolah udah seperti punya Ayahnya aja! 

Satu kejadian di kelas membuat Revanza mau tidak mau berhubungan dengan Risya, karena Revan menyenggol teman seperjuangannya Risya. Berawal dari kejadian itu, tanpa disadari ""tidak ada yang salah"" dengan Risya ternyata hanya luarnya saja. 

Revan tidak tau bagaimana Risya menghadapi semuanya. Menghadapi rentetan kejadian yang meremukkan hati, mematahkan harapan dan menghancurkan hidup seolah tidak berujung. 

""Karena pada dasarnya manusia cuma pengen dihargai dan didengarkan. Itu semua udah cukup untuk menenangkan diri, kalau abis ini: semuanya bakal baik-baik aja. Emang sih cuma kata-kata dan kedengeran bullshit. Tapi, kata-kata ini yang bikin orang jadi semangat untuk lanjutin hidup, bahkan ketika dunia menyuruhnya untuk menyerah.""";https://www.wattpad.com/story/188933895-inersia;;;;;;
75;ASRAR;elicymine;"Fantasi, Romansa";"""Kita akan terus bersama, sampai maut tidak bisa memisahkan kita berdua.""

Agatha, gadis yang mempunyai hidup biasa-biasa saja. Tidak ada yang unik dalam hidupnya.

Suatu hari, Agatha membaca ulang sebuah novel untuk mengisi waktu luangnya. Walaupun sudah membaca novel tersebut beberapa kali, Agatha selalu gagal paham dengan endingnya. Bukannya menjadi tenang, Agatha dibuat semakin pusing oleh ending novel itu.

Pagi harinya, ia semakin dibuat sakit kepala. Agatha berubah menjadi seorang anak kecil. Bukan seorang anak kecil biasa, ia masuk ke dalam tubuh antagonis dari novel yang ia baca semalam.

Dengan berbekal ingatan dan keampuan yang ada, Agatha mencoba untuk menjalani hidup. Sialnya, ia harus berurusan dengan para tokoh dari novel. Beruntung, Agatha memiliki rencana yang mungkin saja membawa keuntungan untuknya.

Tetapi hidup tidak selalu berjalan sesuai dengan rencana, ada banyak rahasia dan kejutan yang menanti.

Apa yang akan ia lakukan selama tinggal di dunia yang asing itu?";https://www.wattpad.com/story/255416050-asrar-terbit;;;;;;
76;ALAKSA;CHOCONAI;Keluarga;"ALAKSA. Sebuah nama yang akan selalu diingat seantero SMA Tabrana. Geng motor yang beranggotakan anak-anak yang hebat, bahkan terkenal dari segi latar dan kemampuan. Walau begitu, mereka bisa menjadi iblis ataupun malaikat tergantung siapa yang berhadapan dengan mereka.

Michael Raditya Albarov. Pria yang sangat disanjung-sanjungkan kaum hawa. Pria yang mempunyai latar belakang tertutup dan namanya selalu di perdengarkan di sekolah karena kenakalan dan keberisikannya, tetapi dengan kepintaran dan kecerdikannya itu membuat guru-guru sedikit segan untuk menghukumnya.

Pertemuan Michael dan Dini bukanlah sesuatu hal yang menakjubkan, tetapi pertemuan itu awal dari semua perubahan di antara mereka.

Sampai rahasia mereka terungkap semuanya.";https://www.wattpad.com/story/230864593-alaksa-end;;;;;;
77;Eavesdrop;millenium_author;"Romansa, Komedi";"Katanya, dia galak.
Katanya, dia suka bantai mahasiswa.
Katanya, dia pelit nilai.
Katanya lagi, dia gay.

Naya pusing mendengar kalimat-kalimat pengantar super buruk itu. Maha-siswa. Seharusnya titel itu terdengar keren untuk diucapkan. Hitung-hitung bisa digunakan untuk pamer ke teman-temannya yang lain kalau dia sudah naik satu level menjadi maha.

Namun, apalah daya ketika kenyataan tidak seindah ekspektasi. Jadi mahasiswa itu berat. Pontang-panting mencari referensi tugas, praktikum seabrek sampai modus dengan dosen untuk mendapat nilai A. Iya kalau dosennya murah hati, suka menabung, dan tidak sombong. Kalau kebalikannya?

Dia, Adiandra Arshanaya Aileen, dengan ini menyatakan perang dengan Allovian Keanandra, si muka tembok dan raja kuis mendadak!";https://www.wattpad.com/story/160994382-eavesdrop-tamat;;;;;;
78;SELF LOVE;ceyetrr;"Humor, Cinta, Keluarga";"Arenia Calira, nama yang indah tapi tak seindah kisah hidupnya. Si gadis dingin namun pintar yang memiliki banyak kelebihan. Tapi sejatinya, setiap manusia juga memiliki kekurangan bukan?

Arenia ingin keluar dari zona buruknya namun kebiasaan itu seperti sudah melekat dalam hidupnya. Masalah mental yang membuatnya kewalahan hingga kepingan masa lalu yang tak kunjung terselesaikan. 

Kedatangan orang baru bahkan orang lama yang membuka kembali lembaran kelam yang sayangnya amat dia rindukan. 

Arenia harus memilih, mengikhlaskan semua yang telah terjadi atau tetap terjebak dalam hidup kelamnya. 

Dia hanya butuh seseorang untuk membuatnya merasa dicintai. Namun Arenia lupa, bagaimana dia ingin dicintai jika tidak mencintai dirinya sendiri? ";https://www.wattpad.com/story/272297644-self-love;;;;;;
79;Kapan Resign?;viallynn;"Romansa, Komedi";"Kehidupan Kayshila Diatmika berubah ketika dia bertemu dengan Wiratama Arthawongso, pengganti atasannya yang tengah cuti melahirkan selama tiga bulan. Pekerjaan yang selama ini berjalan aman mendadak berubah menjadi proyek penyiksaan. Namun sebagai tulang punggung keluarga Shila harus mampu bertahan. Berbeda dengan Wira yang selalu menyudutkan dengan pertanyaan ""Kapan Resign?""

""Jadi, kapan kamu resign?""

""Pak, kerja saya sudah benar, selesai tepat waktu juga. Saya kurang apa lagi?""

""Kurang akhlak.""
";https://www.wattpad.com/story/388871620-kapan-resign;;;;;;
80;Rintik Hujan;luxcy Aqueen;"Romansa, Keluarga";"Ini tentang seseorang sang pengagum hujan, si penikmat tangisan sang semesta yang terlihat tegar namun rapuh didalam.

""Kisah Mengenai semesta yang tak berpihak pada nya.""

***

""Gue tuh capek Ga! Selalu diberi harapan tapi nggak di prioritasin, selalu di pertahanin tapi nggak lo perhatiin!""

***

""Alvian kecelakaan Na, motornya masuk kolong truk yang nabrak dia. Sekarang dia lagi di operasi.""

***

""EGOIS LO!"" 

""Gue tau gue egois, tapi kalo emang itu yang bisa buat Ana tetap sama gue, maka bakal gue lakuin, karena gue sayang sama dia, gue cinta sama dia."" 

***

""Dokter Gibran!""

""Hm?""

""Kalo Ana capek, boleh istirahat aja?""

Gibran terdiam, ia mengangguk lemah.

Setelah itu terdengar nyaring bunyi alat Bedside Monitor yang memenuhi ruang rawat.

***

Bagi seorang perempuan yang memiliki masalah di keluarga nya, dan mendapatkan seorang laki-laki yang dia cintai, ia akan mencintai laki-laki itu melebihi dirinya, kenapa? 

Karena ia butuh tempat pulang kedua setelah tempat pulang pertama telah hancur berantakan, namun apa yang terjadi disaat rumah ke duanya telah dimiliki orang lain?
";https://www.wattpad.com/story/275597847-rintik-hujan;;;;;;
81;Stay Here;Silvifty_;"Humor, Cinta, Keluarga";"Ayla Amelia, gadis remaja lemah lembut yang harus pindah sekolah ke Jakarta dikarenakan orang tuanya tugas dinas disana, berat baginya meninggalkan kota kelahirannya, ya bandung. Kota asri nan nyaman, ia pikir kepindahannya ke Jakarta akan baik baik saja, tapi tidak setelah bertemu si mostwanted disekolah nya. 

Revan syahreza, sebenarnya revan juga bukan badboy, tetapi sikap yang dingin terhadap orang lain, menjadikan dia cool dan banyak di gemari kaum wanita di sma cita bangsa. Dia mempunyai sikap dingin, tapi sikap dingin itu tidak muncul ketika seseorang yang tanpa sengaja hadir di kehidupannya.

----

Aku mengenalmu tanpa sengaja dan mencintaimu secara tiba-tiba 

Kalau kamu emang ditakdirin buat aku. You will stay here with me and never leave me

Jadi apakah yang terjadi selanjutnya?";https://www.wattpad.com/story/170221007-stay-here;;;;;;
82;I'm Serious!;appffien;"Fantasi, Cinta, Misteri";"Awalnya ia hanya penasaran dengan sebuah novel yang jarang diminati oleh kalangan anak muda. Kebanyakan dari mereka menilai bahwa buku yang kini ia pegang kurang menarik. Meski begitu, Gladys justru membeli novel mahal serta bersampul tak menarik itu.

Ia pikir novel berjudul The antagonis itu hanya kisah kisah klise biasa namun, siapa sangka bahwa isi novel itu mampu membuat seorang Gladys menghentikan nafasnya untuk sesaat.

Dia tidak mati namun novel ini benar benar diluar dugaan!

""Membiarkanmu pergi adalah sebuah keharusan."" 

Sepenggal kalimat diakhir novel itu. Anehnya, novel tersebut termasuk happy ending dengan pemeran utama hidup berbahagia selama lamanya. Namun apa maksud dari kalimat itu?

Jujur saja Gladys tidak memihak pada tokoh manapun. Nyatanya novel tersebut hanya menghadirkan sosok antagonis pria yang terobsesi sosok malaikat yaitu si pemeran utama wanita. Meski begitu sudah bisa ditebak bagaimana akhir si protagonis wanita bukan? antagonis dan protagonis tidak akan bersatu.

Lalu bagaimana bila Gladys masuk kedalam novel itu?

Akankah ia akan mampu bertahan didunia asing itu? ";https://www.wattpad.com/story/312242200-i%27m-serious-end;;;;;;
83;DARLENNA;seillafei;"Keluarga, Romansa, Komedi";"Begitu banyak teka-teki dan lika-liku masalah kehidupan, tidak ada yang tau jelas alur jalan cerita kita. Banyak hal tak terduga sering membuat kita tidak percaya akan kenyataan, terlebih baik dan buruk segalanya sudah ditentukan di alur cerita yang penuh rahasia.

Sebuah kisah ringan serta konflik sederhana, Elenna Asya Aurely gadis cantik dengan sejuta rahasia di hidupnya, di pertemukan dengan lelaki yang sempat menemani nya ketika kecil itu telah kembali. Dia adalah Darrendra Irsyad Aulian.

Segala masalah terus menerus datang setelah Elenna dekat dengan seorang pria lain, entah itu masalah besar maupun kecil. Terlebih teror yang terus menghantuinya membuat Elenna semakin tertekan. Di tambah sebuah fakta mengejutkan yang benar-benar membuatnya sempat tidak percaya.

""Dunia ini sempit ya, bahkan gue nggak habis pikir, ternyata kita semua saling terhubung satu sama lain.""
- Elenna";https://www.wattpad.com/story/273624107-darlenna-tamat;;;;;;
84;Mr. Congkak;nevadwi;"Romansa, Humor, Keluarga";"Rivana Ravesa hanya ingin kehidupan perkuliahan yang tenang di kota Berlin seperti yang selama ini dia impikan, tetapi hal itu tampaknya tidak mungkin terjadi ketika Alfandi Raiser muncul di kehidupannya.


***


Semua berjalan sempurna bagi Rivana Ravesa ketika menginjakkan kaki di kota Berlin untuk menempuh pendidikan perguruan tinggi seperti impiannya selama ini. Namun, seorang pria yang terus memanggilnya dengan sebutan 'gadis buluk' terus mengganggunya dan merubah hari-hari tenangnya menjadi seperti di neraka. Alfandi Raiser, terkenal sebagai musuh besar Rivana oleh seisi kampus. Angkuh, kasar, dan tidak mempunyai hati, itulah penilaian Rivana terhadap Alfandi meski sebenarnya Alfandi-yang menaruh perasaan pada Rivana-mengganggu hanya untuk mendapatkan perhatian gadis itu karena kesulitan untuk mengungkapkan perasaan yang dimilikinya. Lalu, apa yang akan terjadi dengan mereka ketika Merry-sosok dari masa lalu Alfandi-datang kembali ke kehidupannya, situasi yang mengancam hubungannya dengan Rivana ketika sudah mulai membaik?";https://www.wattpad.com/story/176883193-mr-congkak;;;;;;
85;Esya;Nafesya20;"Keluarga, Romansa";"Renesya, gadis dengan senyum ramah walau takdir mempermainkannya dengan berbagai luka dihati. Bertransmigrasi ke tubuh tokoh favoritenya dengan takdir yang tak jauh beda, apakah ia sanggup menjalaninya?

Kejanggalan mulai terjadi, alur novel pun berubah menjadi tak tertebak. Esya harus bisa bertahan dan meluluhkan hati ayah juga ketiga abangnya. 

Sampai akhirnya beberapa fakta hadir mengejutkan dirinya. Apa ia bisa menerima fakta-fakta tersebut?";https://www.wattpad.com/story/323063513-esya-terbit;;;;;;
86;Broken Flower;Ollyjayzee;"Romansa, Komedi";"Dipta adalah seorang pengecut yang gagal.
Rumah tangganya berantakan, anak perempuannya hampir mengakhiri hidupnya sendiri, dan perempuan yang menjadi pasangannya memutuskannya setelah mereka kumpul kebo bertahun-tahun.
Seolah belum cukup, karena kesalahpahaman dengan seorang teman kerja, membuatnya kehilangan pekerjaan yang dia impikan. 
Dan kini, atas belas kasihan pemilik perusahaan, dia bisa bekerja lagi tapi harus merintis kembali dari bawah.
 
Seruni seorang pecundang.
Tidak ada yang dia banggakan dari hidupnya. Dia tidak sehebat sang mama, single mother luar biasa  yang sukses membesarkan dua anak perempuan sendirian setelah diceraikan oleh suaminya. Seruni juga tidak sepintar Dahlia, adiknya yang super pintar super baik, yang bekerja di perusahaan ternama.
Namun bersama Mama dan Dahlia, maski dia hanya berfungsi sebagai pelengkap, paling tidak Seruni memiliki rumah dan orang-orang yang dia sayangi.
Suatu ketika keadaan memaksa mereka berpisah. Tiba-tiba saja Seruni dipaksa keadaan untuk hidup sendiri.
Seruni yang anak rumahan, yang selama ini hidup di zona nyaman, harus hidup mandiri sendirian. Sanggupkah dia?";https://www.wattpad.com/story/355537064-broken-flower;;;;;;
87;Diary Renata;Misstie;Keluarga;"Pernikahan Renata dan Arkana berakhir di meja persidangan setelah hakim mengetuk palu dan menyatakan bahwa Renata terbukti berselingkuh dengan teman kuliahnya, Fandi.

Tiga bulan setelah perceraian, Renata menikah dengan Fandi. Namun, pernikahan itu jauh dari harapan. Hingga pada suatu hari, Renata dan Fandi tiba-tiba menghilang tanpa jejak. Kepergian mereka yang misterius memicu pencarian panjang selama bertahun-tahun oleh Arkana-mantan suami Renata-dan Rendy, kakak kandung Renata.

Setelah tiga tahun tanpa kabar, Renata akhirnya ditemukan dalam kondisi mengenaskan. Ia menjadi korban percobaan pembunuhan yang nyaris merenggut nyawanya. Banyak fakta kelam tersembunyi selama masa hilangnya Renata-fakta yang perlahan terungkap melalui catatan harian miliknya.

******

Cerita ini merupakan karya fiksi yang sepenuhnya lahir dari imajinasi. Tokoh, tempat, dan kejadian di dalamnya tidak memiliki keterkaitan dengan dunia nyata. Jika terdapat kesamaan nama atau situasi, hal tersebut sepenuhnya merupakan ketidaksengajaan.";https://www.wattpad.com/story/394505390-diary-renata-end;;;;;;
88;REVANARA;Lasttwilight;Cinta;"Otoriter. 
Kaku. 
Kasar. 
Kejam. 
Ketus. 
Pemarah. 
Arogan. 
Angkuh. 

Bisa di bilang semua sifat buruk laki-laki melekat pada dirinya. Jika di sebutkan satu persatu, sederet paragraf tidak cukup untuk mendeskripsikannya. 

Tapi, anehnya semua gadis bertekuk lutut padanya. Kata-kata manisnya begitu memabukkan di tambah tampangnya yang premium menjadikannya most wanted di sekolah. Dia adalah salah satu objek yang di kagumi para gadis, hanya dengan senyuman tipisnya semua gadis-gadis jatuh kepelukannya. 

Dia spesies adam paling berbahaya, bisa mendapatkan siapa saja dan  tak segan-segan membuang mereka bila ia  bosan. 

Namun, Tuhan sungguh maha adil, permainan takdir yang kejam membuat dia terikat pada seorang gadis yang jauh dari kata sempurna. 

Dan bagaimana jika tiba-tiba Revan di hadapkan pada kenyataan kalau dia akan menjadi seorang Ayah di usianya yang baru menginjak 18 tahun? 


Yang membuat ia belajar kalau semua yang terjadi sejatinya anugerah terindah untuknya.
";https://www.wattpad.com/story/262019253-revanara;;;;;;
89;Eldest ;Nini100209;Keluarga;"Apakah hanya protagonis saja yang wajib bahagia?

Apakah antagonis tidak boleh bahagia?

Kenapa pembaca seakan-akan merasa kalau yang paling tersakiti di sini adalah protagonis?

Apakah pembaca tidak merasa kalau antagonis itu juga kesakitan?

Protagonis itu tokoh baik yang tidak boleh tersakiti, dia harus selalu ditakdirkan untuk memiliki ending yang bahagia.

Antagonis memang tokoh jahat, ya mereka memang tokoh jahat. Mereka selalu melukai protagonis, mereka selalu menghambat protagonis.

Tapi, coba kalian bayangkan, bayangkan kalau tokoh yang selama ini kalian benci ternyata memiliki kesakitan tersendiri pula? Bagaimana perasaan kalian? Menyesal? Senang? Sedih? Kecewa?

Ya, sekiranya begitulah yang dirasakan oleh Harisandra Kharisma Vaslen yang bertransmigrasi 'sementara' ke dalam tubuh antagonis dalam novel yang ia baca.

Ia hanya di suruh oleh jiwa Line untuk membuat ia dekat dengan adek-adeknya dan membahagiakan mereka. Ia jadi bingung, kenapa harus adek-adek Line saja yang bahagia? ";https://www.wattpad.com/story/366595804-eldest-end;;;;;;
90;Sofia's Love story;Tele Novale;"Cinta, Humor, Fantasi";"Sofia tak menyangka kematiannya yang konyol -jatuh dari pohon rambutan tetangga- justru membawanya ke kehidupan baru sebagai Lady Sofia, bangsawan muda di dunia aristokrat. Dikelilingi kemewahan dan pesona istana, ia pun mulai menikmati takdir barunya.

Namun, semua berubah saat pandangannya bertemu dengan Jackson, sang Duke dari Utara. Dingin, berwibawa, dan tak tersentuh - pria itu adalah teka-teki yang ingin Sofia pecahkan.

Masalahnya? Jackson tak percaya cinta. Luka masa lalu dan pengkhianatan cinta pertamanya membuat hatinya beku. Dan lebih buruk lagi, ia mengenal Sofia sebagai musuh lamanya di Akademi.

Tapi Sofia tak menyerah. Jika takdir sudah memberinya tubuh baru dan kehidupan baru, maka ia akan menulis ulang kisah cintanya dengan Jackson di sisinya.

Bisakah Sofia menaklukkan hati sang Duke yang beku?";https://www.wattpad.com/story/393854015-sofia%27s-love-story-%E2%88%9A;;;;;;
91;Hapless;rahma tnd;"Keluarga, Romansa";"Komitmen adalah landasan penting yang harus dimiliki pasangan dalam menjalin hubungan. 

 
Bagi Smara hidup orang dewasa itu rumit dan banyak drama. Komitmen bukan landasan orang tuanya untuk menjalin hubungan, tapi kesalahan yang menjadi landasan mereka terikat satu sama lain. Smara lahir di dunia atas kesalahan Melvin dan Alya. 

""Seandainya gue gak lahir, pasti dunia mereka baik-baik aja."" 

Balas dendam adalah perbuatan membalas perbuatan orang lain karena sakit hati atau dengki. 

Jika Smara lahir karena kesalahan orang tuanya, maka Reon mendefiniskan dirinya sebagai anak yang terlahir atas dendam Zira, bundanya. 

""Kita hanya korban dari keegoisan orang dewasa yang ngaku-ngaku orang tua kita."" 

Smara dan Reon hanya salah satu dari jutaan anak yang lahir tanpa landasan kasih sayang yang seimbang dari orang tuanya. Hidup mereka berada di garis yang sama, tapi mereka tak akan pernah menyangka siapa jati diri mereka sebenarnya. ";https://www.wattpad.com/story/248785946-hapless;;;;;;
92;AILY DAILY;Bilsab;"Humor, Cinta, Keluarga";"Dua insan ciptaan tuhan yang bertemu di situasi yang serupa, mempunyai perasaan hampa di dada. Takdir yang sama, kehilangan separuh jiwa membuat mereka terpuruk di hidupnya, dan sama-sama mengharapkan sesuatu yang indah di akhir masa.

""Sejak kapan luka itu ada?"" Aily bertanya melihat luka besar yang dimiliki Dipta. ""Sejak mama tidak ada di sini."" 

""Kamu suka senja?"" Dipta menatap dalam mata Aily, mata yang sepertinya banyak menabung rindu. ""Senja, bikin aku inget sama Ibu, dia matahari yang indah saat akan terbenam."" 

Apakah mereka mampu menghilangkan semua rasa pilu di hati? Apakah mereka mampu membuat sesuatu yang indah di akhir bagian? Lantas, bagaimana caranya?";https://www.wattpad.com/story/371737501-aily-daily;;;;;;
93;Jejak Selaras;amorelea;"Keluarga, Romansa";"Jeevika menghabiskan hidupnya untuk bekerja. Selama ini dirinya berusaha mencari uang guna membantu perekonomian keluarga dan menafkahi kedua adiknya yang masih duduk di bangku sekolah, pun bangku kuliah. Demi mereka, ia rela bekerja di bawah tekanan ketika dirinya diterima oleh sebuah perusahaan di kota Jakarta.

Keuangan yang Jeevika dapatkan tidak pernah digunakan membeli barang yang tidak berguna maupun perihal pemborosan. Jeevika harus hemat, income yang didapatkan dari bekerja hanya akan mengalir kepada keluarganya. Tak pernah terbesit dibenaknya menggunakan uang tersebut sebagai pemanjaan diri sendiri. Jatuh cinta atau menikah bahkan tidak pernah terlintas di pikirannya.

Namun, bagaimana bila takdir memaksanya bertemu dan mengenal pria bernama Maheswara Pramoedya? Pria pemilik sebuah hotel berbintang yang berdiri di sebelah kantor Jeevika bekerja. Usianya terpaut 10 tahun dengan Maheswara, hal itulah yang membuat Jeevika sedikit ragu ketika menerima lamaran pernikahan darinya. 

Apa yang akan Jeevika lakukan dengan kejadian tersebut? Apa nantinya dia akan menerima lamaran dari Maheswara di saat status sosial mereka terpaut sangat jauh?";https://www.wattpad.com/story/389373386-jejak-selaras-%E2%9C%93;;;;;;
94;MOMENT;dogengwaktu;"Romansa, Religi, Komedi";"Banyak orang bilang ""Move On"" saja kalau nggak nanti"" gamon"". Namun, bila pertemuanmu dengan dia adalah kesempatan untuk memperbaiki apa yang terjadi, hanya karena terjeda oleh sesuatu yang rumit. Dan sesingkat itu Tuhan memberimu kesempatan?

Ditinggalkan oleh mantan itu sakit tanpa penjelasanan apa pun. Menjalani hidup seperti layak orang Depersi berat. Bagimu, dia rumahmu. Bahkan, kalian berdua berjanji untuk menikah. Apalagi setelah melihat keluarga  broken home.  Hidup penuh trauma, themor, berat badan hampir tidak karuan, semua berubah. 

Reno pun enggan meminta maaf dan mencari Syifa. Entah apa yang terjadi pada Reno. Penuh misteri dah tidak pernah ada yang tahu.

6 tahun lebih 6 bulan perjalan pahit belum bisa mengubur  yang sudah dijalin 1 tahun 4 bulan oleh Syifa bersama mantannya, Reno yang merupakan penulis Novel solo best sheller. Yang PDKT saja saset sekilas info seperti berita, putuspun nggk kira-kira.

Sebagai wanita Indipenden yang protect diri dari yang namanya ""Percinta""  yang selalu berprinsip pada dirinya bahwa jodoh akan datang pada saat kita bertumbuh.

Namun, siapa sangka yang harusnya sudah terkubur di masa lalu muncul kembali  6 tahun kemudian. Bukan membawa kebahagiaan tetapi mengoresi hati kembali.  

Dengan rutuhnya hubungan Syifa tetap bertekad terus megubah diri menjadi wanita karir sukses dan pendidikan menterang.

Sampai hingga terhubung lagi dengannya karena bisnis  sebagai mitra . Lalu apakah Syifa akan balikan lagi dengan Reno?";https://www.wattpad.com/story/387170054-moment-on-going;;;;;;
95;"Hi, My Twins!";smallstep00;"Humor, Keluarga, Misteri";"Kisah ini tentang dua anak kembar yang memiliki nasib yang berbeda. Salah satu dari mereka tidak di akui oleh keluarga. Anak malang itu di asingkan bahkan pernah berniat di bunuh oleh kakek buyutnya. 

Anak itu diasingkan bukan sebab dia terlahir dari hubungan terlarangan atau pun memiliki sebuah penyakit yang mengerikan. Dia diasingkan karena dia terlahir sebagai anak perempuan. 

Edbert Marques, pria bengis yang sangat menentang kelahiran anak perempuan di keluarganya. Bukan itu saja, dia menganggap derajat seorang perempuan itu sangatlah rendah. Baginya adanya perempuan di keluarganya itu tidak berguna, mereka hanya bisa menjadi beban dan ancaman keberhasilannya. 

Ia tidak segan-segan akan menghancurkan atau membunuh orang-orang yang menentang keputusannya. Tidak berduli jika dia darah dagingnya sendiri. ";https://www.wattpad.com/story/354062448-hi-my-twins;;;;;;
96;EPIPHANY;Nur Azizah;Cinta;"Rania berada di ambang kebingungan. Antara memilih Elang atau 'dia' yang sebelumnya pernah ada di hatinya. Hubungan yang awalnya berjalan baik-baik saja, perlahan retak di saat Rania mencoba untuk pergi tanpa melukai. Namun, Rania melupakan satu hal yang pernah Elang katakan. Perihal laki-laki cuek itu yang tak suka dibohongi, dikhianati, dan dipermainkan hatinya. Bahkan dia juga melupakan beberapa hal penting lainnya. Perihal bahwa dirinya adalah salah satu kesukaan Elang akhir-akhir ini.

Di titik ini, Rania mencoba untuk menyatukan dua hal tersebut sekaligus. Bisakah dirinya pergi tanpa melukai? Atau bahkan Elang sendiri yang akan mundur setelah mengetahui siapa laki-laki yang sempat singgah di hati gadis manis yang disukainya?

* * *

""Maaf, Elang. Di sini aku mau kamu paham bahwa yang selalu ada, tak menjamin akan menjadi peran utama. Karena bagiku, kamu hanyalah peran pengganti yang kebetulan bersedia untuk menyembuhkan luka yang pernah diciptakan olehnya.""

Benarkah hubungan keduanya kandas sampai di sini?";https://www.wattpad.com/story/202885846-epiphany;;;;;;
97;the lost chapter;ZERA;"Romansa, Komedi, Fantasi, Aksi";"Elara, seorang wanita muda yang hidupnya dipenuhi dengan kekecewaan, menghabiskan hari-harinya terkurung dalam kesendirian. Keluarga yang berantakan, impian yang sirna, dan masa depan yang tak menentu membuatnya tenggelam dalam keputusasaan. Satu-satunya pelariannya adalah buku-buku, yang membawanya ke dunia lain yang jauh lebih baik. Namun, sebuah novel kerajaan yang baru dibelinya ternyata mengundang amarahnya. Dengan penuh kemarahan, Elara mengkritik isi buku tersebut sebelum akhirnya tertidur. Ia terbangun di sebuah tempat yang tidak ia kenali menghadap kenyataan bahwa buku tersebut ternyata bukanlah sekadar fiksi...
 
Apakah elara akan berusaha untuk kembali ke dunia suram nya? Atau mungkin dia akan mengubah alur cerita untuk bertahan hidup?";https://www.wattpad.com/story/390972309-the-lost-chapter;;;;;;
98;ALEA;Nabilah;"Romansa, Komedi";"Ini tentang dimana seorang perempuan yang lahir ke dunia, dengan kekuatan jiwa yang begitu besar ia miliki. Tentang rasa, dimana semesta seperti tak merestuinya untuk bahagia. Tentang bagaimana ia menjalani hidupnya, walau memang kebanyakan bersedih. 

Broken home, bullyng, gangguan mental, hingga toxic relationship membuatnya harus kuat dalam menjalani hidup yang tak selalu sejalan. 

Devan, lelaki itu hadir kembali untuk menyediakan ia bahu, juga dekapan pelukan yang begitu hangat. Orang yang akan selalu merangkul, juga memberi semangat.
____

""waktu itu semesta terlalu jahat, sampai menyisahkan luka yang tidak akan pernah sembuh sebelumnya.""

""mau seberapa banyak orang yang bilang 'semangat' kalau pada akhirnya kita terlanjur rapuh, ya rapuh.""

____

""boleh lelah, asal jangan menyerah, apalagi sampai balik arah.""";https://www.wattpad.com/story/291411984-alea;;;;;;
99;TerraCotta;Manusia Antik;"Komedi, Cinta, Keluarga";"Di usia yang nyaris kepala tiga, Terra masih tidak mengerti tujuan hidupnya apa. Selama lima tahun terakhir, dia merasa tidak ada yang berubah, waktu berhenti berputar dan tahu-tahu dia sudah dua puluh delapan tahun. Rasanya baru kemarin dia masuk kerja di perusahaan yang sekarang, tiba-tiba dia sudah mendapatkan gift box lima tahun pengabdiannya pada perusahaan.
Sahabat baiknya yang dari bayi bersama dengannya sebentar lagi juga akan menikahi pujaan hatinya. Artinya hanya Terra saja yang akan sendirian setelah ini. Membayangkan itu saja sudah membuat Terra setengah gila dengan otak yang hampir cidera.
Sedang adem-ademnya, kantor digemparkan dengan isu korupsi dan perselingkuhan atasannya sendiri, membuat Terra berada di posisi yang serba salah. Pekerjaan Terra yang tadinya damai-damai saja jadi seperti angin puting beliung karena munculnya sang atasan baru yang mengerikan. 
Kalau tidak ingat dosa, rasanya dia ingin berhenti hidup saja. Satu-satunya yang membuat Terra bertahan hidup adalah karena dia tidak mau mati konyol dan bingung ketika ditanya apa saja yang sudah dia lakukan di dunia nanti. Paling tidak harus ada yang dibanggakan dari dirinya kan.";https://www.wattpad.com/story/297072843-terracotta-completed;;;;;;
100;GERA;saceritera;"Cinta, Keluarga";"""DUA HATI YANG TAK PERNAH MENYATU.""

Pernah merasakan cinta tapi tidak ada balasan? Bagaimana rasanya, sakit bukan?

Perasaan tidak terbalaskan memang sakit. Tetapi jika benar-benar cinta apa pun akan diperjuangkan. Seperti Gesang memperjuangkan Rania, meski Rania sudah menjadi milik orang lain.

Gesang berjuang untuk dua hal. Pertama membanggakan orang tuanya. Kedua mendapatkan hati Rania. 

Setelah Gesang mendapatkan itu semua. Satu masalah datang. Terjadi kesalahpahaman di antara mereka. 

Hingga pada akhirnya, dia yang berhasil direngkuh memilih pergi dan susah untuk menggapainya kembali.

-

""Sang, gue udah punya pacar,"" kata Rania.

""Gue nggak peduli. Lagian yang selalu ada kan gue bukan cowok lo. Dia emangnya peduli sama lo? Enggak kan?"" balas Gesang. 

-

""Gesang, nggak mau coba buka hati buat orang lain aja?"" Rania bertanya.

""Lo nggak mau putus sama cowok lo terus pacaran sama gue aja?"" Gesang membalasnya.";https://www.wattpad.com/story/201315317-gera-sudah-terbit;;;;;;
;;;;;;;;;;;
;;;;;;;;;;;
;;;;;;;;;;;
;;;;;;;;;;;
;;;;;;;;;;;
;;;;;;;;;;;
;;;;;;;;;;;
;;;;;;;;;;;
;;;;;;;;;;;
;;;;;;;;;;;
;;;;;;;;;;;
;;;;;;;;;;;
;;;;;;;;;;;
;;;;;;;;;;;
;;;;;;;;;;;
;;;;;;;;;;;
;;;;;;;;;;;
;;;;;;;;;;;
;;;;;;;;;;;
;;;;;;;;;;;
;;;;;;;;;;;
;;;;;;;;;;;
;;;;;;;;;;;
;;;;;;;;;;;
;;;;;;;;;;;
;;;;;;;;;;;
;;;;;;;;;;;
;;;;;;;;;;;
;;;;;;;;;;;
;;;;;;;;;;;
;;;;;;;;;;;
;;;;;;;;;;;
;;;;;;;;;;;
;;;;;;;;;;;
;;;;;;;;;;;
;;;;;;;;;;;
;;;;;;;;;;;
;;;;;;;;;;;
;;;;;;;;;;;
;;;;;;;;;;;
;;;;;;;;;;;
;;;;;;;;;;;
;;;;;;;;;;;
;;;;;;;;;;;
;;;;;;;;;;;
;;;;;;;;;;;
;;;;;;;;;;;
;;;;;;;;;;;
;;;;;;;;;;;
;;;;;;;;;;;
;;;;;;;;;;;
;;;;;;;;;;;
;;;;;;;;;;;
;;;;;;;;;;;
;;;;;;;;;;;
;;;;;;;;;;;
;;;;;;;;;;;
;;;;;;;;;;;
;;;;;;;;;;;
;;;;;;;;;;;
;;;;;;;;;;;
;;;;;;;;;;;
;;;;;;;;;;;
;;;;;;;;;;;
;;;;;;;;;;;
;;;;;;;;;;;
;;;;;;;;;;;
;;;;;;;;;;;
;;;;;;;;;;;
;;;;;;;;;;;
;;;;;;;;;;;
;;;;;;;;;;;
;;;;;;;;;;;
;;;;;;;;;;;
;;;;;;;;;;;
;;;;;;;;;;;
;;;;;;;;;;;
;;;;;;;;;;;
;;;;;;;;;;;
;;;;;;;;;;;
;;;;;;;;;;;
;;;;;;;;;;;
;;;;;;;;;;;
;;;;;;;;;;;
;;;;;;;;;;;
;;;;;;;;;;;
;;;;;;;;;;;
;;;;;;;;;;;
;;;;;;;;;;;
;;;;;;;;;;;
;;;;;;;;;;;
;;;;;;;;;;;
;;;;;;;;;;;
;;;;;;;;;;;
;;;;;;;;;;;
;;;;;;;;;;;
;;;;;;;;;;;
;;;;;;;;;;;
;;;;;;;;;;;
;;;;;;;;;;;
;;;;;;;;;;;
;;;;;;;;;;;
;;;;;;;;;;;
;;;;;;;;;;;
;;;;;;;;;;;
;;;;;;;;;;;
;;;;;;;;;;;
;;;;;;;;;;;
;;;;;;;;;;;
;;;;;;;;;;;
;;;;;;;;;;;
;;;;;;;;;;;
;;;;;;;;;;;
;;;;;;;;;;;
;;;;;;;;;;;
;;;;;;;;;;;
;;;;;;;;;;;
;;;;;;;;;;;
;;;;;;;;;;;
;;;;;;;;;;;
;;;;;;;;;;;
;;;;;;;;;;;
;;;;;;;;;;;
;;;;;;;;;;;
;;;;;;;;;;;
;;;;;;;;;;;
;;;;;;;;;;;
;;;;;;;;;;;
;;;;;;;;;;;
;;;;;;;;;;;
;;;;;;;;;;;
;;;;;;;;;;;
;;;;;;;;;;;
;;;;;;;;;;;
;;;;;;;;;;;
